timestamp,heart_rate,steps,sleep_hours
2026-01-01 00:00:00,47.2,0.0,6.6
2026-01-01 00:01:00,59.5,0.0,7.2
2026-01-01 00:02:00,60.5,0.0,6.55
2026-01-01 00:03:00,62.3,0.0,7.52
2026-01-01 00:04:00,51.7,0.0,5.77
2026-01-01 00:05:00,54.8,0.0,6.92
2026-01-01 00:06:00,58.0,0.0,7.65
2026-01-01 00:07:00,62.4,0.0,7.17
2026-01-01 00:08:00,60.8,0.0,6.86
2026-01-01 00:09:00,54.7,0.0,7.87
2026-01-01 00:10:00,161.9,,6.54
2026-01-01 00:11:00,51.9,0.0,7.83
2026-01-01 00:12:00,61.3,0.0,7.59
2026-01-01 00:13:00,55.5,0.0,7.55
2026-01-01 00:14:00,63.7,0.0,6.21
2026-01-01 00:15:00,56.6,0.0,5.64
2026-01-01 00:16:00,74.5,0.0,6.42
2026-01-01 00:17:00,61.4,0.0,7.32
2026-01-01 00:18:00,66.8,0.0,6.39
2026-01-01 00:19:00,69.0,0.0,6.87
2026-01-01 00:20:00,58.3,0.0,7.1
2026-01-01 00:21:00,59.0,0.0,5.8
2026-01-01 00:22:00,66.2,0.0,6.06
2026-01-01 00:23:00,60.0,0.0,7.25
2026-01-01 00:24:00,54.5,0.0,7.47
2026-01-01 00:25:00,51.4,0.0,6.48
2026-01-01 00:26:00,60.7,0.0,5.98
2026-01-01 00:27:00,56.8,0.0,7.97
2026-01-01 00:28:00,63.5,0.0,5.92
2026-01-01 00:29:00,57.4,0.0,7.26
2026-01-01 00:30:00,68.7,0.0,7.86
2026-01-01 00:31:00,55.1,0.0,6.66
2026-01-01 00:32:00,53.3,0.0,7.08
2026-01-01 00:33:00,58.9,0.0,6.77
2026-01-01 00:34:00,63.0,0.0,6.82
2026-01-01 00:35:00,64.0,0.0,7.16
2026-01-01 00:36:00,60.0,0.0,5.78
2026-01-01 00:37:00,69.0,0.0,7.74
2026-01-01 00:38:00,59.5,0.0,7.8
2026-01-01 00:39:00,58.1,,6.86
2026-01-01 00:40:00,,0.0,5.87
2026-01-01 00:41:00,54.0,0.0,7.29
2026-01-01 00:42:00,65.1,,7.79
2026-01-01 00:43:00,66.1,0.0,6.49
2026-01-01 00:44:00,60.5,0.0,5.5
2026-01-01 00:45:00,54.8,0.0,7.19
2026-01-01 00:46:00,60.8,0.0,6.54
2026-01-01 00:47:00,68.7,0.0,5.69
2026-01-01 00:48:00,62.5,0.0,5.98
2026-01-01 00:49:00,63.8,0.0,7.74
2026-01-01 00:50:00,64.7,0.0,5.79
2026-01-01 00:51:00,53.9,0.0,5.94
2026-01-01 00:52:00,58.6,0.0,6.95
2026-01-01 00:53:00,,0.0,7.18
2026-01-01 00:54:00,52.5,0.0,5.97
2026-01-01 00:55:00,65.7,0.0,6.03
2026-01-01 00:56:00,,0.0,6.28
2026-01-01 00:57:00,57.1,0.0,6.62
2026-01-01 00:58:00,65.5,0.0,6.3
2026-01-01 00:59:00,59.1,0.0,6.91
2026-01-01 01:00:00,60.7,0.0,5.89
2026-01-01 01:01:00,69.8,0.0,7.13
2026-01-01 01:02:00,64.5,0.0,7.72
2026-01-01 01:03:00,59.3,0.0,7.38
2026-01-01 01:04:00,51.8,0.0,6.72
2026-01-01 01:05:00,64.8,0.0,7.96
2026-01-01 01:06:00,59.4,0.0,7.17
2026-01-01 01:07:00,58.5,0.0,7.06
2026-01-01 01:08:00,59.8,0.0,5.64
2026-01-01 01:09:00,57.9,0.0,6.33
2026-01-01 01:10:00,56.4,0.0,6.6
2026-01-01 01:11:00,57.4,0.0,7.22
2026-01-01 01:12:00,56.9,0.0,6.79
2026-01-01 01:13:00,54.9,0.0,6.98
2026-01-01 01:14:00,62.9,0.0,5.68
2026-01-01 01:15:00,63.6,0.0,7.38
2026-01-01 01:16:00,58.6,0.0,7.29
2026-01-01 01:17:00,70.3,0.0,7.11
2026-01-01 01:18:00,66.5,0.0,5.6
2026-01-01 01:19:00,62.8,0.0,6.75
2026-01-01 01:20:00,64.3,0.0,6.39
2026-01-01 01:21:00,53.3,0.0,7.23
2026-01-01 01:22:00,65.9,0.0,7.68
2026-01-01 01:23:00,56.5,0.0,6.9
2026-01-01 01:24:00,68.8,0.0,7.71
2026-01-01 01:25:00,73.9,0.0,6.94
2026-01-01 01:26:00,71.6,0.0,7.37
2026-01-01 01:27:00,149.0,0.0,6.71
2026-01-01 01:28:00,63.8,0.0,5.73
2026-01-01 01:29:00,64.1,0.0,6.28
2026-01-01 01:30:00,58.3,0.0,6.27
2026-01-01 01:31:00,62.7,0.0,6.98
2026-01-01 01:32:00,55.8,0.0,7.84
2026-01-01 01:33:00,,,7.22
2026-01-01 01:34:00,63.7,0.0,6.36
2026-01-01 01:35:00,66.4,0.0,6.39
2026-01-01 01:36:00,60.3,0.0,5.62
2026-01-01 01:37:00,57.6,0.0,7.41
2026-01-01 01:38:00,,0.0,6.84
2026-01-01 01:39:00,56.7,0.0,6.62
2026-01-01 01:40:00,59.3,0.0,5.68
2026-01-01 01:41:00,63.9,0.0,7.96
2026-01-01 01:42:00,62.0,0.0,6.89
2026-01-01 01:43:00,61.2,0.0,5.85
2026-01-01 01:44:00,63.5,0.0,5.74
2026-01-01 01:45:00,59.4,0.0,6.86
2026-01-01 01:46:00,63.5,0.0,6.82
2026-01-01 01:47:00,61.1,0.0,6.02
2026-01-01 01:48:00,60.9,0.0,7.16
2026-01-01 01:49:00,56.3,0.0,5.91
2026-01-01 01:50:00,58.3,0.0,7.34
2026-01-01 01:51:00,50.6,0.0,7.0
2026-01-01 01:52:00,55.7,0.0,5.93
2026-01-01 01:53:00,65.3,0.0,7.16
2026-01-01 01:54:00,,0.0,5.9
2026-01-01 01:55:00,61.9,0.0,6.56
2026-01-01 01:56:00,55.8,0.0,6.12
2026-01-01 01:57:00,64.4,0.0,7.7
2026-01-01 01:58:00,62.3,0.0,7.73
2026-01-01 01:59:00,53.8,0.0,5.72
2026-01-01 02:00:00,64.8,0.0,6.48
2026-01-01 02:01:00,66.4,0.0,7.06
2026-01-01 02:02:00,,0.0,6.21
2026-01-01 02:03:00,58.7,0.0,7.3
2026-01-01 02:04:00,55.0,0.0,6.76
2026-01-01 02:05:00,64.2,0.0,6.31
2026-01-01 02:06:00,147.6,0.0,6.34
2026-01-01 02:07:00,60.1,0.0,6.8
2026-01-01 02:08:00,,0.0,6.64
2026-01-01 02:09:00,59.3,0.0,7.81
2026-01-01 02:10:00,66.6,0.0,5.56
2026-01-01 02:11:00,71.0,0.0,6.05
2026-01-01 02:12:00,66.5,0.0,6.57
2026-01-01 02:13:00,64.3,0.0,5.5
2026-01-01 02:14:00,57.6,0.0,7.84
2026-01-01 02:15:00,56.9,0.0,6.16
2026-01-01 02:16:00,56.4,0.0,5.59
2026-01-01 02:17:00,58.3,0.0,5.77
2026-01-01 02:18:00,57.8,0.0,7.3
2026-01-01 02:19:00,63.2,0.0,5.55
2026-01-01 02:20:00,52.6,0.0,6.06
2026-01-01 02:21:00,58.1,0.0,6.79
2026-01-01 02:22:00,50.3,0.0,6.13
2026-01-01 02:23:00,64.5,0.0,6.45
2026-01-01 02:24:00,58.2,0.0,6.53
2026-01-01 02:25:00,68.6,0.0,7.64
2026-01-01 02:26:00,63.6,0.0,7.86
2026-01-01 02:27:00,50.4,0.0,5.74
2026-01-01 02:28:00,53.3,0.0,6.0
2026-01-01 02:29:00,58.0,0.0,7.69
2026-01-01 02:30:00,71.2,0.0,5.9
2026-01-01 02:31:00,55.3,0.0,7.23
2026-01-01 02:32:00,61.0,0.0,6.46
2026-01-01 02:33:00,65.3,0.0,6.6
2026-01-01 02:34:00,66.6,0.0,5.67
2026-01-01 02:35:00,59.3,0.0,7.04
2026-01-01 02:36:00,54.8,0.0,7.58
2026-01-01 02:37:00,59.9,0.0,5.53
2026-01-01 02:38:00,64.9,0.0,6.26
2026-01-01 02:39:00,63.3,,6.24
2026-01-01 02:40:00,51.0,0.0,6.74
2026-01-01 02:41:00,52.1,0.0,6.08
2026-01-01 02:42:00,52.6,0.0,5.84
2026-01-01 02:43:00,65.1,0.0,7.93
2026-01-01 02:44:00,53.7,0.0,5.98
2026-01-01 02:45:00,53.1,0.0,5.52
2026-01-01 02:46:00,60.4,0.0,7.6
2026-01-01 02:47:00,64.9,0.0,6.86
2026-01-01 02:48:00,67.9,0.0,7.13
2026-01-01 02:49:00,53.9,0.0,5.61
2026-01-01 02:50:00,70.8,0.0,5.64
2026-01-01 02:51:00,50.7,0.0,7.72
2026-01-01 02:52:00,57.5,0.0,5.76
2026-01-01 02:53:00,62.8,0.0,6.49
2026-01-01 02:54:00,54.6,0.0,6.29
2026-01-01 02:55:00,58.4,0.0,6.76
2026-01-01 02:56:00,57.7,0.0,7.5
2026-01-01 02:57:00,45.6,0.0,7.62
2026-01-01 02:58:00,51.5,0.0,7.27
2026-01-01 02:59:00,59.7,0.0,7.71
2026-01-01 03:00:00,56.4,0.0,6.94
2026-01-01 03:01:00,55.6,0.0,7.51
2026-01-01 03:02:00,57.7,0.0,5.61
2026-01-01 03:03:00,66.4,0.0,6.73
2026-01-01 03:04:00,65.1,0.0,7.7
2026-01-01 03:05:00,48.2,0.0,5.62
2026-01-01 03:06:00,64.0,0.0,5.51
2026-01-01 03:07:00,54.4,0.0,5.8
2026-01-01 03:08:00,68.8,0.0,5.78
2026-01-01 03:09:00,54.7,0.0,7.28
2026-01-01 03:10:00,63.3,0.0,5.95
2026-01-01 03:11:00,57.8,0.0,7.66
2026-01-01 03:12:00,62.0,0.0,7.43
2026-01-01 03:13:00,58.0,0.0,7.42
2026-01-01 03:14:00,53.9,0.0,6.99
2026-01-01 03:15:00,55.8,0.0,5.8
2026-01-01 03:16:00,51.0,0.0,6.77
2026-01-01 03:17:00,65.5,0.0,6.69
2026-01-01 03:18:00,63.8,0.0,6.41
2026-01-01 03:19:00,61.3,0.0,5.91
2026-01-01 03:20:00,61.7,0.0,6.45
2026-01-01 03:21:00,55.1,0.0,7.32
2026-01-01 03:22:00,60.8,0.0,7.83
2026-01-01 03:23:00,56.8,0.0,5.64
2026-01-01 03:24:00,70.2,0.0,7.73
2026-01-01 03:25:00,61.8,0.0,7.58
2026-01-01 03:26:00,56.1,0.0,5.88
2026-01-01 03:27:00,58.1,0.0,6.67
2026-01-01 03:28:00,59.6,0.0,7.0
2026-01-01 03:29:00,57.7,0.0,7.74
2026-01-01 03:30:00,54.8,,7.96
2026-01-01 03:31:00,62.1,0.0,7.76
2026-01-01 03:32:00,64.1,0.0,6.79
2026-01-01 03:33:00,64.5,0.0,7.27
2026-01-01 03:34:00,63.3,0.0,6.0
2026-01-01 03:35:00,54.9,0.0,6.05
2026-01-01 03:36:00,63.3,0.0,6.6
2026-01-01 03:37:00,,0.0,6.63
2026-01-01 03:38:00,62.3,0.0,7.48
2026-01-01 03:39:00,64.9,0.0,6.07
2026-01-01 03:40:00,56.4,0.0,6.19
2026-01-01 03:41:00,58.3,,6.18
2026-01-01 03:42:00,64.4,0.0,6.02
2026-01-01 03:43:00,,0.0,5.76
2026-01-01 03:44:00,56.9,0.0,7.3
2026-01-01 03:45:00,61.4,0.0,7.81
2026-01-01 03:46:00,66.5,0.0,6.92
2026-01-01 03:47:00,56.5,0.0,6.14
2026-01-01 03:48:00,70.4,0.0,7.23
2026-01-01 03:49:00,56.1,0.0,6.05
2026-01-01 03:50:00,59.2,0.0,7.19
2026-01-01 03:51:00,67.7,0.0,7.04
2026-01-01 03:52:00,60.0,0.0,6.64
2026-01-01 03:53:00,64.9,0.0,7.6
2026-01-01 03:54:00,52.9,0.0,7.5
2026-01-01 03:55:00,57.6,0.0,6.52
2026-01-01 03:56:00,60.7,0.0,7.57
2026-01-01 03:57:00,52.3,0.0,7.52
2026-01-01 03:58:00,53.6,0.0,6.38
2026-01-01 03:59:00,63.6,0.0,5.77
2026-01-01 04:00:00,58.6,0.0,7.49
2026-01-01 04:01:00,57.5,0.0,7.64
2026-01-01 04:02:00,57.8,0.0,6.37
2026-01-01 04:03:00,69.0,0.0,5.75
2026-01-01 04:04:00,64.9,0.0,7.27
2026-01-01 04:05:00,63.1,0.0,6.49
2026-01-01 04:06:00,59.4,0.0,6.34
2026-01-01 04:07:00,52.1,0.0,6.88
2026-01-01 04:08:00,59.9,0.0,7.08
2026-01-01 04:09:00,58.3,0.0,6.33
2026-01-01 04:10:00,51.3,0.0,6.62
2026-01-01 04:11:00,69.5,,6.54
2026-01-01 04:12:00,64.5,0.0,7.33
2026-01-01 04:13:00,62.5,0.0,6.12
2026-01-01 04:14:00,51.0,,7.02
2026-01-01 04:15:00,65.9,0.0,6.72
2026-01-01 04:16:00,58.2,0.0,6.28
2026-01-01 04:17:00,57.7,0.0,5.76
2026-01-01 04:18:00,62.0,0.0,7.21
2026-01-01 04:19:00,60.7,0.0,7.32
2026-01-01 04:20:00,70.5,0.0,5.63
2026-01-01 04:21:00,53.1,0.0,7.94
2026-01-01 04:22:00,58.7,0.0,6.83
2026-01-01 04:23:00,53.3,0.0,6.96
2026-01-01 04:24:00,53.7,0.0,7.54
2026-01-01 04:25:00,62.2,0.0,6.74
2026-01-01 04:26:00,60.0,0.0,7.36
2026-01-01 04:27:00,67.8,0.0,6.26
2026-01-01 04:28:00,55.1,0.0,7.93
2026-01-01 04:29:00,68.6,0.0,6.2
2026-01-01 04:30:00,56.7,0.0,7.33
2026-01-01 04:31:00,57.4,0.0,6.82
2026-01-01 04:32:00,55.6,0.0,6.22
2026-01-01 04:33:00,61.5,0.0,7.14
2026-01-01 04:34:00,63.7,0.0,6.21
2026-01-01 04:35:00,56.5,0.0,7.02
2026-01-01 04:36:00,67.4,0.0,7.93
2026-01-01 04:37:00,54.8,0.0,5.66
2026-01-01 04:38:00,60.2,0.0,6.49
2026-01-01 04:39:00,62.7,0.0,6.22
2026-01-01 04:40:00,64.8,0.0,5.8
2026-01-01 04:41:00,66.8,0.0,6.43
2026-01-01 04:42:00,58.8,0.0,7.88
2026-01-01 04:43:00,62.7,0.0,6.13
2026-01-01 04:44:00,62.9,0.0,6.84
2026-01-01 04:45:00,55.7,0.0,6.46
2026-01-01 04:46:00,58.9,0.0,6.51
2026-01-01 04:47:00,54.9,0.0,6.7
2026-01-01 04:48:00,57.5,0.0,6.44
2026-01-01 04:49:00,59.3,0.0,7.21
2026-01-01 04:50:00,,0.0,6.59
2026-01-01 04:51:00,57.5,0.0,7.51
2026-01-01 04:52:00,64.8,0.0,6.72
2026-01-01 04:53:00,53.0,0.0,6.22
2026-01-01 04:54:00,57.8,0.0,6.09
2026-01-01 04:55:00,57.0,0.0,7.84
2026-01-01 04:56:00,64.5,0.0,6.8
2026-01-01 04:57:00,58.4,0.0,6.49
2026-01-01 04:58:00,57.4,0.0,6.34
2026-01-01 04:59:00,53.8,0.0,6.29
2026-01-01 05:00:00,63.1,0.0,7.19
2026-01-01 05:01:00,51.6,,5.66
2026-01-01 05:02:00,63.3,0.0,5.98
2026-01-01 05:03:00,59.3,0.0,6.44
2026-01-01 05:04:00,57.2,0.0,7.16
2026-01-01 05:05:00,58.1,0.0,5.65
2026-01-01 05:06:00,58.4,0.0,6.26
2026-01-01 05:07:00,58.3,0.0,7.4
2026-01-01 05:08:00,49.6,0.0,5.54
2026-01-01 05:09:00,65.0,0.0,6.77
2026-01-01 05:10:00,54.3,0.0,6.91
2026-01-01 05:11:00,54.8,0.0,7.33
2026-01-01 05:12:00,58.6,0.0,7.68
2026-01-01 05:13:00,63.8,0.0,6.88
2026-01-01 05:14:00,61.2,0.0,6.4
2026-01-01 05:15:00,55.0,0.0,6.81
2026-01-01 05:16:00,67.0,0.0,6.01
2026-01-01 05:17:00,148.2,0.0,6.98
2026-01-01 05:18:00,69.1,0.0,5.74
2026-01-01 05:19:00,62.2,0.0,7.48
2026-01-01 05:20:00,62.4,0.0,7.07
2026-01-01 05:21:00,56.1,0.0,7.19
2026-01-01 05:22:00,139.7,0.0,5.56
2026-01-01 05:23:00,55.4,0.0,7.17
2026-01-01 05:24:00,64.0,0.0,6.04
2026-01-01 05:25:00,60.9,0.0,7.49
2026-01-01 05:26:00,53.7,0.0,7.8
2026-01-01 05:27:00,68.9,0.0,7.65
2026-01-01 05:28:00,60.2,0.0,6.13
2026-01-01 05:29:00,61.0,0.0,7.48
2026-01-01 05:30:00,62.8,0.0,5.71
2026-01-01 05:31:00,56.5,0.0,5.55
2026-01-01 05:32:00,66.5,0.0,7.54
2026-01-01 05:33:00,52.1,0.0,7.24
2026-01-01 05:34:00,63.0,0.0,6.36
2026-01-01 05:35:00,72.7,0.0,7.36
2026-01-01 05:36:00,50.7,0.0,6.77
2026-01-01 05:37:00,52.9,0.0,5.57
2026-01-01 05:38:00,64.5,,6.34
2026-01-01 05:39:00,51.3,0.0,7.62
2026-01-01 05:40:00,62.5,0.0,6.6
2026-01-01 05:41:00,60.1,0.0,7.23
2026-01-01 05:42:00,62.9,0.0,5.68
2026-01-01 05:43:00,56.7,0.0,7.6
2026-01-01 05:44:00,58.9,0.0,7.04
2026-01-01 05:45:00,60.3,0.0,7.57
2026-01-01 05:46:00,64.4,0.0,7.47
2026-01-01 05:47:00,54.9,0.0,6.04
2026-01-01 05:48:00,57.4,0.0,5.6
2026-01-01 05:49:00,57.5,0.0,6.34
2026-01-01 05:50:00,43.7,0.0,6.55
2026-01-01 05:51:00,66.0,0.0,6.18
2026-01-01 05:52:00,52.2,0.0,5.57
2026-01-01 05:53:00,67.8,0.0,6.25
2026-01-01 05:54:00,63.1,0.0,7.67
2026-01-01 05:55:00,62.1,0.0,6.74
2026-01-01 05:56:00,55.1,0.0,5.83
2026-01-01 05:57:00,63.3,0.0,6.6
2026-01-01 05:58:00,59.3,0.0,5.66
2026-01-01 05:59:00,60.6,0.0,7.76
2026-01-01 06:00:00,79.2,16.0,0.0
2026-01-01 06:01:00,87.3,18.0,0.0
2026-01-01 06:02:00,74.1,24.0,0.0
2026-01-01 06:03:00,78.2,21.0,0.0
2026-01-01 06:04:00,80.5,19.0,0.0
2026-01-01 06:05:00,71.8,22.0,0.0
2026-01-01 06:06:00,76.8,29.0,0.0
2026-01-01 06:07:00,75.1,20.0,0.0
2026-01-01 06:08:00,75.8,23.0,0.0
2026-01-01 06:09:00,68.8,17.0,0.0
2026-01-01 06:10:00,75.2,22.0,0.0
2026-01-01 06:11:00,79.0,15.0,0.0
2026-01-01 06:12:00,86.6,19.0,0.0
2026-01-01 06:13:00,82.7,25.0,0.0
2026-01-01 06:14:00,92.2,21.0,0.0
2026-01-01 06:15:00,68.9,31.0,0.0
2026-01-01 06:16:00,82.0,20.0,0.0
2026-01-01 06:17:00,76.5,15.0,0.0
2026-01-01 06:18:00,92.5,17.0,0.0
2026-01-01 06:19:00,68.5,21.0,0.0
2026-01-01 06:20:00,68.3,18.0,0.0
2026-01-01 06:21:00,70.2,12.0,0.0
2026-01-01 06:22:00,58.0,22.0,0.0
2026-01-01 06:23:00,70.8,15.0,0.0
2026-01-01 06:24:00,68.9,17.0,0.0
2026-01-01 06:25:00,76.2,27.0,0.0
2026-01-01 06:26:00,77.7,25.0,0.0
2026-01-01 06:27:00,90.0,18.0,0.0
2026-01-01 06:28:00,82.6,12.0,0.0
2026-01-01 06:29:00,70.4,12.0,0.0
2026-01-01 06:30:00,67.8,,0.0
2026-01-01 06:31:00,78.9,17.0,0.0
2026-01-01 06:32:00,64.4,15.0,0.0
2026-01-01 06:33:00,89.7,17.0,0.0
2026-01-01 06:34:00,,18.0,0.0
2026-01-01 06:35:00,71.2,16.0,0.0
2026-01-01 06:36:00,61.3,16.0,0.0
2026-01-01 06:37:00,85.8,22.0,0.0
2026-01-01 06:38:00,74.1,16.0,0.0
2026-01-01 06:39:00,84.9,14.0,0.0
2026-01-01 06:40:00,62.2,26.0,0.0
2026-01-01 06:41:00,70.2,12.0,0.0
2026-01-01 06:42:00,75.0,17.0,0.0
2026-01-01 06:43:00,75.4,24.0,0.0
2026-01-01 06:44:00,71.4,21.0,0.0
2026-01-01 06:45:00,80.0,14.0,0.0
2026-01-01 06:46:00,66.5,17.0,0.0
2026-01-01 06:47:00,73.9,12.0,0.0
2026-01-01 06:48:00,76.0,17.0,0.0
2026-01-01 06:49:00,79.1,11.0,0.0
2026-01-01 06:50:00,80.7,19.0,0.0
2026-01-01 06:51:00,66.0,21.0,0.0
2026-01-01 06:52:00,62.7,,0.0
2026-01-01 06:53:00,85.2,26.0,0.0
2026-01-01 06:54:00,77.7,15.0,0.0
2026-01-01 06:55:00,69.0,23.0,0.0
2026-01-01 06:56:00,87.4,20.0,0.0
2026-01-01 06:57:00,75.9,18.0,0.0
2026-01-01 06:58:00,84.4,19.0,0.0
2026-01-01 06:59:00,75.5,19.0,0.0
2026-01-01 07:00:00,91.5,,0.0
2026-01-01 07:01:00,89.0,30.0,0.0
2026-01-01 07:02:00,73.0,21.0,0.0
2026-01-01 07:03:00,82.8,20.0,0.0
2026-01-01 07:04:00,80.2,16.0,0.0
2026-01-01 07:05:00,85.9,18.0,0.0
2026-01-01 07:06:00,67.3,14.0,0.0
2026-01-01 07:07:00,80.5,15.0,0.0
2026-01-01 07:08:00,83.5,16.0,0.0
2026-01-01 07:09:00,60.9,,0.0
2026-01-01 07:10:00,65.5,21.0,0.0
2026-01-01 07:11:00,58.7,18.0,0.0
2026-01-01 07:12:00,72.8,,0.0
2026-01-01 07:13:00,80.7,21.0,0.0
2026-01-01 07:14:00,87.0,24.0,0.0
2026-01-01 07:15:00,75.6,22.0,0.0
2026-01-01 07:16:00,88.0,16.0,0.0
2026-01-01 07:17:00,64.0,16.0,0.0
2026-01-01 07:18:00,61.4,24.0,0.0
2026-01-01 07:19:00,74.6,23.0,0.0
2026-01-01 07:20:00,,19.0,0.0
2026-01-01 07:21:00,74.7,13.0,0.0
2026-01-01 07:22:00,58.5,28.0,0.0
2026-01-01 07:23:00,74.3,17.0,0.0
2026-01-01 07:24:00,64.6,20.0,0.0
2026-01-01 07:25:00,80.4,24.0,0.0
2026-01-01 07:26:00,77.9,20.0,0.0
2026-01-01 07:27:00,67.5,24.0,0.0
2026-01-01 07:28:00,70.9,25.0,0.0
2026-01-01 07:29:00,66.5,18.0,0.0
2026-01-01 07:30:00,74.5,21.0,0.0
2026-01-01 07:31:00,82.6,20.0,0.0
2026-01-01 07:32:00,67.1,10.0,0.0
2026-01-01 07:33:00,79.0,21.0,0.0
2026-01-01 07:34:00,70.8,25.0,0.0
2026-01-01 07:35:00,68.7,16.0,0.0
2026-01-01 07:36:00,74.1,23.0,0.0
2026-01-01 07:37:00,66.7,21.0,0.0
2026-01-01 07:38:00,70.6,15.0,0.0
2026-01-01 07:39:00,65.4,24.0,0.0
2026-01-01 07:40:00,90.7,23.0,0.0
2026-01-01 07:41:00,75.3,24.0,0.0
2026-01-01 07:42:00,69.4,22.0,0.0
2026-01-01 07:43:00,76.7,28.0,0.0
2026-01-01 07:44:00,74.1,11.0,0.0
2026-01-01 07:45:00,73.2,25.0,0.0
2026-01-01 07:46:00,159.3,24.0,0.0
2026-01-01 07:47:00,81.1,18.0,0.0
2026-01-01 07:48:00,70.8,31.0,0.0
2026-01-01 07:49:00,70.4,28.0,0.0
2026-01-01 07:50:00,72.8,21.0,0.0
2026-01-01 07:51:00,,,0.0
2026-01-01 07:52:00,62.9,23.0,0.0
2026-01-01 07:53:00,85.9,23.0,0.0
2026-01-01 07:54:00,88.2,18.0,0.0
2026-01-01 07:55:00,73.0,19.0,0.0
2026-01-01 07:56:00,79.6,18.0,0.0
2026-01-01 07:57:00,77.5,29.0,0.0
2026-01-01 07:58:00,99.6,18.0,0.0
2026-01-01 07:59:00,84.0,11.0,0.0
2026-01-01 08:00:00,74.0,15.0,0.0
2026-01-01 08:01:00,,19.0,0.0
2026-01-01 08:02:00,62.1,16.0,0.0
2026-01-01 08:03:00,76.6,22.0,0.0
2026-01-01 08:04:00,68.9,24.0,0.0
2026-01-01 08:05:00,63.6,24.0,0.0
2026-01-01 08:06:00,69.8,22.0,0.0
2026-01-01 08:07:00,66.3,19.0,0.0
2026-01-01 08:08:00,88.5,17.0,0.0
2026-01-01 08:09:00,82.1,17.0,0.0
2026-01-01 08:10:00,74.9,15.0,0.0
2026-01-01 08:11:00,86.8,19.0,0.0
2026-01-01 08:12:00,75.6,14.0,0.0
2026-01-01 08:13:00,68.1,20.0,0.0
2026-01-01 08:14:00,87.2,20.0,0.0
2026-01-01 08:15:00,79.3,21.0,0.0
2026-01-01 08:16:00,66.7,15.0,0.0
2026-01-01 08:17:00,73.5,21.0,0.0
2026-01-01 08:18:00,68.0,18.0,0.0
2026-01-01 08:19:00,63.9,25.0,0.0
2026-01-01 08:20:00,82.4,19.0,0.0
2026-01-01 08:21:00,90.3,24.0,0.0
2026-01-01 08:22:00,63.8,21.0,0.0
2026-01-01 08:23:00,79.5,16.0,0.0
2026-01-01 08:24:00,69.8,21.0,0.0
2026-01-01 08:25:00,71.1,20.0,0.0
2026-01-01 08:26:00,70.3,15.0,0.0
2026-01-01 08:27:00,68.1,19.0,0.0
2026-01-01 08:28:00,75.4,10.0,0.0
2026-01-01 08:29:00,68.4,23.0,0.0
2026-01-01 08:30:00,77.2,16.0,0.0
2026-01-01 08:31:00,74.6,16.0,0.0
2026-01-01 08:32:00,73.1,18.0,0.0
2026-01-01 08:33:00,67.7,25.0,0.0
2026-01-01 08:34:00,70.4,18.0,0.0
2026-01-01 08:35:00,162.4,24.0,0.0
2026-01-01 08:36:00,79.0,16.0,0.0
2026-01-01 08:37:00,67.2,19.0,0.0
2026-01-01 08:38:00,75.8,25.0,0.0
2026-01-01 08:39:00,81.0,18.0,0.0
2026-01-01 08:40:00,61.6,25.0,0.0
2026-01-01 08:41:00,79.3,19.0,0.0
2026-01-01 08:42:00,69.7,28.0,0.0
2026-01-01 08:43:00,79.6,28.0,0.0
2026-01-01 08:44:00,68.9,20.0,0.0
2026-01-01 08:45:00,60.6,20.0,0.0
2026-01-01 08:46:00,62.0,15.0,0.0
2026-01-01 08:47:00,75.4,23.0,0.0
2026-01-01 08:48:00,,19.0,0.0
2026-01-01 08:49:00,67.8,22.0,0.0
2026-01-01 08:50:00,80.1,,0.0
2026-01-01 08:51:00,61.7,19.0,0.0
2026-01-01 08:52:00,74.5,25.0,0.0
2026-01-01 08:53:00,65.3,18.0,0.0
2026-01-01 08:54:00,69.8,13.0,0.0
2026-01-01 08:55:00,75.4,19.0,0.0
2026-01-01 08:56:00,68.1,22.0,0.0
2026-01-01 08:57:00,71.9,19.0,0.0
2026-01-01 08:58:00,83.1,15.0,0.0
2026-01-01 08:59:00,70.4,21.0,0.0
2026-01-01 09:00:00,81.7,20.0,0.0
2026-01-01 09:01:00,66.0,31.0,0.0
2026-01-01 09:02:00,79.2,27.0,0.0
2026-01-01 09:03:00,86.5,22.0,0.0
2026-01-01 09:04:00,55.2,24.0,0.0
2026-01-01 09:05:00,68.6,22.0,0.0
2026-01-01 09:06:00,79.6,23.0,0.0
2026-01-01 09:07:00,73.4,20.0,0.0
2026-01-01 09:08:00,78.0,19.0,0.0
2026-01-01 09:09:00,70.2,27.0,0.0
2026-01-01 09:10:00,75.7,25.0,0.0
2026-01-01 09:11:00,73.8,20.0,0.0
2026-01-01 09:12:00,84.3,21.0,0.0
2026-01-01 09:13:00,77.0,9.0,0.0
2026-01-01 09:14:00,77.7,32.0,0.0
2026-01-01 09:15:00,,23.0,0.0
2026-01-01 09:16:00,71.1,22.0,0.0
2026-01-01 09:17:00,71.5,30.0,0.0
2026-01-01 09:18:00,78.2,24.0,0.0
2026-01-01 09:19:00,71.6,21.0,0.0
2026-01-01 09:20:00,77.3,23.0,0.0
2026-01-01 09:21:00,91.6,29.0,0.0
2026-01-01 09:22:00,82.0,22.0,0.0
2026-01-01 09:23:00,72.4,17.0,0.0
2026-01-01 09:24:00,84.6,19.0,0.0
2026-01-01 09:25:00,71.7,15.0,0.0
2026-01-01 09:26:00,58.7,12.0,0.0
2026-01-01 09:27:00,66.9,13.0,0.0
2026-01-01 09:28:00,60.0,22.0,0.0
2026-01-01 09:29:00,141.9,15.0,0.0
2026-01-01 09:30:00,75.1,35.0,0.0
2026-01-01 09:31:00,88.4,28.0,0.0
2026-01-01 09:32:00,77.6,10.0,0.0
2026-01-01 09:33:00,73.2,21.0,0.0
2026-01-01 09:34:00,81.6,17.0,0.0
2026-01-01 09:35:00,57.3,21.0,0.0
2026-01-01 09:36:00,76.9,17.0,0.0
2026-01-01 09:37:00,81.2,17.0,0.0
2026-01-01 09:38:00,63.2,18.0,0.0
2026-01-01 09:39:00,84.2,10.0,0.0
2026-01-01 09:40:00,77.7,16.0,0.0
2026-01-01 09:41:00,71.7,13.0,0.0
2026-01-01 09:42:00,80.1,18.0,0.0
2026-01-01 09:43:00,93.2,12.0,0.0
2026-01-01 09:44:00,76.5,24.0,0.0
2026-01-01 09:45:00,77.0,20.0,0.0
2026-01-01 09:46:00,71.3,18.0,0.0
2026-01-01 09:47:00,68.2,20.0,0.0
2026-01-01 09:48:00,81.6,21.0,0.0
2026-01-01 09:49:00,68.2,24.0,0.0
2026-01-01 09:50:00,75.6,14.0,0.0
2026-01-01 09:51:00,71.2,18.0,0.0
2026-01-01 09:52:00,78.8,22.0,0.0
2026-01-01 09:53:00,77.7,23.0,0.0
2026-01-01 09:54:00,83.3,22.0,0.0
2026-01-01 09:55:00,70.9,17.0,0.0
2026-01-01 09:56:00,72.8,19.0,0.0
2026-01-01 09:57:00,67.2,22.0,0.0
2026-01-01 09:58:00,71.4,22.0,0.0
2026-01-01 09:59:00,78.0,19.0,0.0
2026-01-01 10:00:00,81.1,23.0,0.0
2026-01-01 10:01:00,67.6,22.0,0.0
2026-01-01 10:02:00,82.0,22.0,0.0
2026-01-01 10:03:00,85.8,26.0,0.0
2026-01-01 10:04:00,78.3,20.0,0.0
2026-01-01 10:05:00,90.0,19.0,0.0
2026-01-01 10:06:00,,18.0,0.0
2026-01-01 10:07:00,65.0,25.0,0.0
2026-01-01 10:08:00,60.8,28.0,0.0
2026-01-01 10:09:00,87.0,25.0,0.0
2026-01-01 10:10:00,80.2,24.0,0.0
2026-01-01 10:11:00,74.6,25.0,0.0
2026-01-01 10:12:00,77.2,17.0,0.0
2026-01-01 10:13:00,66.0,24.0,0.0
2026-01-01 10:14:00,94.6,26.0,0.0
2026-01-01 10:15:00,76.0,22.0,0.0
2026-01-01 10:16:00,75.9,18.0,0.0
2026-01-01 10:17:00,80.8,21.0,0.0
2026-01-01 10:18:00,78.8,22.0,0.0
2026-01-01 10:19:00,76.8,19.0,0.0
2026-01-01 10:20:00,68.7,24.0,0.0
2026-01-01 10:21:00,78.8,23.0,0.0
2026-01-01 10:22:00,90.1,22.0,0.0
2026-01-01 10:23:00,85.8,16.0,0.0
2026-01-01 10:24:00,87.7,14.0,0.0
2026-01-01 10:25:00,70.9,25.0,0.0
2026-01-01 10:26:00,67.1,23.0,0.0
2026-01-01 10:27:00,74.0,20.0,0.0
2026-01-01 10:28:00,75.4,18.0,0.0
2026-01-01 10:29:00,83.8,17.0,0.0
2026-01-01 10:30:00,61.5,22.0,0.0
2026-01-01 10:31:00,87.2,21.0,0.0
2026-01-01 10:32:00,73.7,17.0,0.0
2026-01-01 10:33:00,71.6,32.0,0.0
2026-01-01 10:34:00,66.9,26.0,0.0
2026-01-01 10:35:00,61.8,21.0,0.0
2026-01-01 10:36:00,81.6,,0.0
2026-01-01 10:37:00,75.6,21.0,0.0
2026-01-01 10:38:00,64.7,28.0,0.0
2026-01-01 10:39:00,64.6,14.0,0.0
2026-01-01 10:40:00,72.3,17.0,0.0
2026-01-01 10:41:00,88.4,24.0,0.0
2026-01-01 10:42:00,72.9,17.0,0.0
2026-01-01 10:43:00,63.0,17.0,0.0
2026-01-01 10:44:00,73.0,22.0,0.0
2026-01-01 10:45:00,72.8,21.0,0.0
2026-01-01 10:46:00,53.4,23.0,0.0
2026-01-01 10:47:00,74.6,22.0,0.0
2026-01-01 10:48:00,73.2,18.0,0.0
2026-01-01 10:49:00,80.6,13.0,0.0
2026-01-01 10:50:00,89.8,28.0,0.0
2026-01-01 10:51:00,84.0,13.0,0.0
2026-01-01 10:52:00,,23.0,0.0
2026-01-01 10:53:00,66.1,14.0,0.0
2026-01-01 10:54:00,95.6,23.0,0.0
2026-01-01 10:55:00,75.5,16.0,0.0
2026-01-01 10:56:00,75.1,20.0,0.0
2026-01-01 10:57:00,74.8,31.0,0.0
2026-01-01 10:58:00,76.6,20.0,0.0
2026-01-01 10:59:00,73.8,21.0,0.0
2026-01-01 11:00:00,70.4,21.0,0.0
2026-01-01 11:01:00,70.6,16.0,0.0
2026-01-01 11:02:00,74.7,17.0,0.0
2026-01-01 11:03:00,70.7,19.0,0.0
2026-01-01 11:04:00,69.3,21.0,0.0
2026-01-01 11:05:00,,18.0,0.0
2026-01-01 11:06:00,73.0,19.0,0.0
2026-01-01 11:07:00,87.0,22.0,0.0
2026-01-01 11:08:00,53.8,14.0,0.0
2026-01-01 11:09:00,83.7,14.0,0.0
2026-01-01 11:10:00,85.0,23.0,0.0
2026-01-01 11:11:00,58.4,20.0,0.0
2026-01-01 11:12:00,72.3,22.0,0.0
2026-01-01 11:13:00,72.0,19.0,0.0
2026-01-01 11:14:00,63.7,25.0,0.0
2026-01-01 11:15:00,68.8,13.0,0.0
2026-01-01 11:16:00,66.1,21.0,0.0
2026-01-01 11:17:00,89.0,13.0,0.0
2026-01-01 11:18:00,82.5,13.0,0.0
2026-01-01 11:19:00,85.2,21.0,0.0
2026-01-01 11:20:00,80.8,22.0,0.0
2026-01-01 11:21:00,66.0,23.0,0.0
2026-01-01 11:22:00,70.8,17.0,0.0
2026-01-01 11:23:00,78.9,,0.0
2026-01-01 11:24:00,65.2,18.0,0.0
2026-01-01 11:25:00,80.7,19.0,0.0
2026-01-01 11:26:00,73.1,23.0,0.0
2026-01-01 11:27:00,72.0,18.0,0.0
2026-01-01 11:28:00,80.7,23.0,0.0
2026-01-01 11:29:00,78.6,22.0,0.0
2026-01-01 11:30:00,72.1,24.0,0.0
2026-01-01 11:31:00,84.3,19.0,0.0
2026-01-01 11:32:00,66.4,16.0,0.0
2026-01-01 11:33:00,79.9,18.0,0.0
2026-01-01 11:34:00,79.7,18.0,0.0
2026-01-01 11:35:00,72.5,15.0,0.0
2026-01-01 11:36:00,77.6,18.0,0.0
2026-01-01 11:37:00,65.0,14.0,0.0
2026-01-01 11:38:00,82.4,19.0,0.0
2026-01-01 11:39:00,137.3,22.0,0.0
2026-01-01 11:40:00,130.6,22.0,0.0
2026-01-01 11:41:00,83.4,15.0,0.0
2026-01-01 11:42:00,69.4,21.0,0.0
2026-01-01 11:43:00,63.7,19.0,0.0
2026-01-01 11:44:00,62.5,14.0,0.0
2026-01-01 11:45:00,,15.0,0.0
2026-01-01 11:46:00,64.8,16.0,0.0
2026-01-01 11:47:00,89.0,21.0,0.0
2026-01-01 11:48:00,58.3,26.0,0.0
2026-01-01 11:49:00,88.6,18.0,0.0
2026-01-01 11:50:00,76.7,20.0,0.0
2026-01-01 11:51:00,74.2,21.0,0.0
2026-01-01 11:52:00,70.6,19.0,0.0
2026-01-01 11:53:00,,14.0,0.0
2026-01-01 11:54:00,74.7,19.0,0.0
2026-01-01 11:55:00,83.8,24.0,0.0
2026-01-01 11:56:00,75.9,25.0,0.0
2026-01-01 11:57:00,76.2,20.0,0.0
2026-01-01 11:58:00,72.1,34.0,0.0
2026-01-01 11:59:00,74.5,23.0,0.0
2026-01-01 12:00:00,77.5,19.0,0.0
2026-01-01 12:01:00,61.3,22.0,0.0
2026-01-01 12:02:00,64.2,13.0,0.0
2026-01-01 12:03:00,80.9,17.0,0.0
2026-01-01 12:04:00,76.4,19.0,0.0
2026-01-01 12:05:00,73.5,18.0,0.0
2026-01-01 12:06:00,75.1,21.0,0.0
2026-01-01 12:07:00,77.8,18.0,0.0
2026-01-01 12:08:00,70.7,19.0,0.0
2026-01-01 12:09:00,68.8,21.0,0.0
2026-01-01 12:10:00,76.6,24.0,0.0
2026-01-01 12:11:00,67.2,25.0,0.0
2026-01-01 12:12:00,78.3,24.0,0.0
2026-01-01 12:13:00,61.4,19.0,0.0
2026-01-01 12:14:00,83.2,20.0,0.0
2026-01-01 12:15:00,78.8,16.0,0.0
2026-01-01 12:16:00,77.0,21.0,0.0
2026-01-01 12:17:00,82.9,11.0,0.0
2026-01-01 12:18:00,88.3,24.0,0.0
2026-01-01 12:19:00,83.1,16.0,0.0
2026-01-01 12:20:00,60.3,12.0,0.0
2026-01-01 12:21:00,64.8,15.0,0.0
2026-01-01 12:22:00,70.0,16.0,0.0
2026-01-01 12:23:00,75.2,10.0,0.0
2026-01-01 12:24:00,79.1,20.0,0.0
2026-01-01 12:25:00,69.2,18.0,0.0
2026-01-01 12:26:00,76.5,14.0,0.0
2026-01-01 12:27:00,69.0,11.0,0.0
2026-01-01 12:28:00,70.1,21.0,0.0
2026-01-01 12:29:00,63.7,26.0,0.0
2026-01-01 12:30:00,67.6,31.0,0.0
2026-01-01 12:31:00,64.2,13.0,0.0
2026-01-01 12:32:00,67.2,15.0,0.0
2026-01-01 12:33:00,83.4,22.0,0.0
2026-01-01 12:34:00,67.4,29.0,0.0
2026-01-01 12:35:00,96.1,17.0,0.0
2026-01-01 12:36:00,78.9,15.0,0.0
2026-01-01 12:37:00,76.5,14.0,0.0
2026-01-01 12:38:00,68.1,16.0,0.0
2026-01-01 12:39:00,80.6,30.0,0.0
2026-01-01 12:40:00,70.4,18.0,0.0
2026-01-01 12:41:00,76.0,12.0,0.0
2026-01-01 12:42:00,95.5,22.0,0.0
2026-01-01 12:43:00,74.2,19.0,0.0
2026-01-01 12:44:00,84.2,19.0,0.0
2026-01-01 12:45:00,69.4,18.0,0.0
2026-01-01 12:46:00,74.7,21.0,0.0
2026-01-01 12:47:00,89.2,17.0,0.0
2026-01-01 12:48:00,70.0,16.0,0.0
2026-01-01 12:49:00,,15.0,0.0
2026-01-01 12:50:00,80.7,22.0,0.0
2026-01-01 12:51:00,70.5,20.0,0.0
2026-01-01 12:52:00,80.1,12.0,0.0
2026-01-01 12:53:00,82.8,18.0,0.0
2026-01-01 12:54:00,80.0,16.0,0.0
2026-01-01 12:55:00,62.4,15.0,0.0
2026-01-01 12:56:00,69.2,18.0,0.0
2026-01-01 12:57:00,73.0,19.0,0.0
2026-01-01 12:58:00,74.4,26.0,0.0
2026-01-01 12:59:00,80.0,23.0,0.0
2026-01-01 13:00:00,76.4,19.0,0.0
2026-01-01 13:01:00,64.3,19.0,0.0
2026-01-01 13:02:00,78.0,22.0,0.0
2026-01-01 13:03:00,79.9,14.0,0.0
2026-01-01 13:04:00,79.5,16.0,0.0
2026-01-01 13:05:00,83.6,22.0,0.0
2026-01-01 13:06:00,81.7,19.0,0.0
2026-01-01 13:07:00,78.7,21.0,0.0
2026-01-01 13:08:00,74.4,15.0,0.0
2026-01-01 13:09:00,61.7,21.0,0.0
2026-01-01 13:10:00,78.4,16.0,0.0
2026-01-01 13:11:00,76.7,24.0,0.0
2026-01-01 13:12:00,77.2,17.0,0.0
2026-01-01 13:13:00,64.8,21.0,0.0
2026-01-01 13:14:00,66.4,23.0,0.0
2026-01-01 13:15:00,,20.0,0.0
2026-01-01 13:16:00,74.7,17.0,0.0
2026-01-01 13:17:00,168.7,21.0,0.0
2026-01-01 13:18:00,75.2,17.0,0.0
2026-01-01 13:19:00,75.2,20.0,0.0
2026-01-01 13:20:00,82.5,23.0,0.0
2026-01-01 13:21:00,70.9,15.0,0.0
2026-01-01 13:22:00,75.8,13.0,0.0
2026-01-01 13:23:00,71.3,21.0,0.0
2026-01-01 13:24:00,71.5,20.0,0.0
2026-01-01 13:25:00,72.5,15.0,0.0
2026-01-01 13:26:00,76.8,26.0,0.0
2026-01-01 13:27:00,139.9,26.0,0.0
2026-01-01 13:28:00,85.0,25.0,0.0
2026-01-01 13:29:00,67.8,21.0,0.0
2026-01-01 13:30:00,73.5,17.0,0.0
2026-01-01 13:31:00,71.5,16.0,0.0
2026-01-01 13:32:00,86.6,21.0,0.0
2026-01-01 13:33:00,76.6,19.0,0.0
2026-01-01 13:34:00,83.3,12.0,0.0
2026-01-01 13:35:00,63.1,15.0,0.0
2026-01-01 13:36:00,77.1,16.0,0.0
2026-01-01 13:37:00,82.1,19.0,0.0
2026-01-01 13:38:00,75.7,22.0,0.0
2026-01-01 13:39:00,83.5,28.0,0.0
2026-01-01 13:40:00,70.9,15.0,0.0
2026-01-01 13:41:00,86.3,19.0,0.0
2026-01-01 13:42:00,93.4,22.0,0.0
2026-01-01 13:43:00,72.1,23.0,0.0
2026-01-01 13:44:00,71.4,26.0,0.0
2026-01-01 13:45:00,86.6,16.0,0.0
2026-01-01 13:46:00,87.6,20.0,0.0
2026-01-01 13:47:00,70.8,16.0,0.0
2026-01-01 13:48:00,71.6,24.0,0.0
2026-01-01 13:49:00,72.7,19.0,0.0
2026-01-01 13:50:00,64.2,29.0,0.0
2026-01-01 13:51:00,67.7,24.0,0.0
2026-01-01 13:52:00,67.0,18.0,0.0
2026-01-01 13:53:00,68.9,22.0,0.0
2026-01-01 13:54:00,74.7,21.0,0.0
2026-01-01 13:55:00,76.9,,0.0
2026-01-01 13:56:00,87.4,19.0,0.0
2026-01-01 13:57:00,67.0,23.0,0.0
2026-01-01 13:58:00,82.9,19.0,0.0
2026-01-01 13:59:00,73.3,27.0,0.0
2026-01-01 14:00:00,74.6,25.0,0.0
2026-01-01 14:01:00,80.4,31.0,0.0
2026-01-01 14:02:00,66.0,18.0,0.0
2026-01-01 14:03:00,78.1,20.0,0.0
2026-01-01 14:04:00,76.3,16.0,0.0
2026-01-01 14:05:00,78.9,17.0,0.0
2026-01-01 14:06:00,77.3,14.0,0.0
2026-01-01 14:07:00,94.6,29.0,0.0
2026-01-01 14:08:00,69.9,18.0,0.0
2026-01-01 14:09:00,141.4,22.0,0.0
2026-01-01 14:10:00,70.0,14.0,0.0
2026-01-01 14:11:00,70.6,18.0,0.0
2026-01-01 14:12:00,69.9,29.0,0.0
2026-01-01 14:13:00,84.5,26.0,0.0
2026-01-01 14:14:00,165.0,23.0,0.0
2026-01-01 14:15:00,70.4,22.0,0.0
2026-01-01 14:16:00,68.3,26.0,0.0
2026-01-01 14:17:00,78.8,20.0,0.0
2026-01-01 14:18:00,70.6,18.0,0.0
2026-01-01 14:19:00,80.1,25.0,0.0
2026-01-01 14:20:00,76.6,15.0,0.0
2026-01-01 14:21:00,62.9,20.0,0.0
2026-01-01 14:22:00,87.4,19.0,0.0
2026-01-01 14:23:00,89.4,25.0,0.0
2026-01-01 14:24:00,70.1,22.0,0.0
2026-01-01 14:25:00,71.9,18.0,0.0
2026-01-01 14:26:00,77.3,23.0,0.0
2026-01-01 14:27:00,77.7,19.0,0.0
2026-01-01 14:28:00,80.3,22.0,0.0
2026-01-01 14:29:00,91.1,17.0,0.0
2026-01-01 14:30:00,73.6,29.0,0.0
2026-01-01 14:31:00,68.6,24.0,0.0
2026-01-01 14:32:00,64.0,14.0,0.0
2026-01-01 14:33:00,69.2,18.0,0.0
2026-01-01 14:34:00,74.7,18.0,0.0
2026-01-01 14:35:00,89.4,19.0,0.0
2026-01-01 14:36:00,70.9,20.0,0.0
2026-01-01 14:37:00,76.8,16.0,0.0
2026-01-01 14:38:00,74.9,22.0,0.0
2026-01-01 14:39:00,84.5,19.0,0.0
2026-01-01 14:40:00,95.2,24.0,0.0
2026-01-01 14:41:00,70.8,,0.0
2026-01-01 14:42:00,71.1,19.0,0.0
2026-01-01 14:43:00,83.4,16.0,0.0
2026-01-01 14:44:00,80.5,20.0,0.0
2026-01-01 14:45:00,89.8,19.0,0.0
2026-01-01 14:46:00,79.7,18.0,0.0
2026-01-01 14:47:00,72.1,16.0,0.0
2026-01-01 14:48:00,79.7,16.0,0.0
2026-01-01 14:49:00,,27.0,0.0
2026-01-01 14:50:00,81.6,23.0,0.0
2026-01-01 14:51:00,79.1,14.0,0.0
2026-01-01 14:52:00,83.5,19.0,0.0
2026-01-01 14:53:00,84.4,20.0,0.0
2026-01-01 14:54:00,86.1,18.0,0.0
2026-01-01 14:55:00,80.2,23.0,0.0
2026-01-01 14:56:00,73.7,16.0,0.0
2026-01-01 14:57:00,76.2,15.0,0.0
2026-01-01 14:58:00,84.7,18.0,0.0
2026-01-01 14:59:00,68.5,18.0,0.0
2026-01-01 15:00:00,77.9,22.0,0.0
2026-01-01 15:01:00,71.9,24.0,0.0
2026-01-01 15:02:00,75.2,26.0,0.0
2026-01-01 15:03:00,85.2,23.0,0.0
2026-01-01 15:04:00,76.5,16.0,0.0
2026-01-01 15:05:00,75.4,18.0,0.0
2026-01-01 15:06:00,64.1,16.0,0.0
2026-01-01 15:07:00,81.0,12.0,0.0
2026-01-01 15:08:00,80.2,21.0,0.0
2026-01-01 15:09:00,92.3,19.0,0.0
2026-01-01 15:10:00,72.5,20.0,0.0
2026-01-01 15:11:00,76.8,11.0,0.0
2026-01-01 15:12:00,77.0,17.0,0.0
2026-01-01 15:13:00,87.6,15.0,0.0
2026-01-01 15:14:00,74.2,14.0,0.0
2026-01-01 15:15:00,77.2,14.0,0.0
2026-01-01 15:16:00,79.9,27.0,0.0
2026-01-01 15:17:00,76.5,25.0,0.0
2026-01-01 15:18:00,71.4,15.0,0.0
2026-01-01 15:19:00,76.6,27.0,0.0
2026-01-01 15:20:00,83.6,26.0,0.0
2026-01-01 15:21:00,66.8,17.0,0.0
2026-01-01 15:22:00,76.1,18.0,0.0
2026-01-01 15:23:00,69.4,21.0,0.0
2026-01-01 15:24:00,84.6,23.0,0.0
2026-01-01 15:25:00,62.8,17.0,0.0
2026-01-01 15:26:00,70.5,24.0,0.0
2026-01-01 15:27:00,78.0,22.0,0.0
2026-01-01 15:28:00,87.5,21.0,0.0
2026-01-01 15:29:00,74.5,18.0,0.0
2026-01-01 15:30:00,70.6,9.0,0.0
2026-01-01 15:31:00,,18.0,0.0
2026-01-01 15:32:00,63.4,15.0,0.0
2026-01-01 15:33:00,57.4,30.0,0.0
2026-01-01 15:34:00,78.5,24.0,0.0
2026-01-01 15:35:00,71.0,24.0,0.0
2026-01-01 15:36:00,66.8,22.0,0.0
2026-01-01 15:37:00,80.7,22.0,0.0
2026-01-01 15:38:00,77.0,12.0,0.0
2026-01-01 15:39:00,70.5,,0.0
2026-01-01 15:40:00,64.8,18.0,0.0
2026-01-01 15:41:00,82.0,,0.0
2026-01-01 15:42:00,80.2,18.0,0.0
2026-01-01 15:43:00,74.2,15.0,0.0
2026-01-01 15:44:00,89.8,17.0,0.0
2026-01-01 15:45:00,66.4,21.0,0.0
2026-01-01 15:46:00,62.8,18.0,0.0
2026-01-01 15:47:00,69.5,16.0,0.0
2026-01-01 15:48:00,74.6,24.0,0.0
2026-01-01 15:49:00,76.9,18.0,0.0
2026-01-01 15:50:00,73.1,17.0,0.0
2026-01-01 15:51:00,77.8,21.0,0.0
2026-01-01 15:52:00,65.0,18.0,0.0
2026-01-01 15:53:00,86.6,14.0,0.0
2026-01-01 15:54:00,74.3,13.0,0.0
2026-01-01 15:55:00,83.9,14.0,0.0
2026-01-01 15:56:00,77.7,28.0,0.0
2026-01-01 15:57:00,78.7,32.0,0.0
2026-01-01 15:58:00,79.6,23.0,0.0
2026-01-01 15:59:00,78.6,26.0,0.0
2026-01-01 16:00:00,80.1,20.0,0.0
2026-01-01 16:01:00,85.6,18.0,0.0
2026-01-01 16:02:00,76.6,24.0,0.0
2026-01-01 16:03:00,80.7,30.0,0.0
2026-01-01 16:04:00,74.3,21.0,0.0
2026-01-01 16:05:00,86.5,10.0,0.0
2026-01-01 16:06:00,69.6,19.0,0.0
2026-01-01 16:07:00,89.4,19.0,0.0
2026-01-01 16:08:00,74.7,31.0,0.0
2026-01-01 16:09:00,63.6,20.0,0.0
2026-01-01 16:10:00,76.0,27.0,0.0
2026-01-01 16:11:00,69.6,18.0,0.0
2026-01-01 16:12:00,81.7,,0.0
2026-01-01 16:13:00,69.8,22.0,0.0
2026-01-01 16:14:00,71.4,19.0,0.0
2026-01-01 16:15:00,59.9,19.0,0.0
2026-01-01 16:16:00,71.4,19.0,0.0
2026-01-01 16:17:00,55.6,18.0,0.0
2026-01-01 16:18:00,,15.0,0.0
2026-01-01 16:19:00,81.1,21.0,0.0
2026-01-01 16:20:00,81.3,17.0,0.0
2026-01-01 16:21:00,78.4,,0.0
2026-01-01 16:22:00,67.3,31.0,0.0
2026-01-01 16:23:00,74.6,20.0,0.0
2026-01-01 16:24:00,75.0,20.0,0.0
2026-01-01 16:25:00,65.7,16.0,0.0
2026-01-01 16:26:00,87.0,14.0,0.0
2026-01-01 16:27:00,82.0,22.0,0.0
2026-01-01 16:28:00,73.2,21.0,0.0
2026-01-01 16:29:00,75.2,23.0,0.0
2026-01-01 16:30:00,76.7,23.0,0.0
2026-01-01 16:31:00,58.7,18.0,0.0
2026-01-01 16:32:00,,12.0,0.0
2026-01-01 16:33:00,69.5,14.0,0.0
2026-01-01 16:34:00,67.0,25.0,0.0
2026-01-01 16:35:00,72.8,18.0,0.0
2026-01-01 16:36:00,,25.0,0.0
2026-01-01 16:37:00,80.1,26.0,0.0
2026-01-01 16:38:00,70.4,15.0,0.0
2026-01-01 16:39:00,79.6,15.0,0.0
2026-01-01 16:40:00,86.2,20.0,0.0
2026-01-01 16:41:00,82.4,15.0,0.0
2026-01-01 16:42:00,75.5,9.0,0.0
2026-01-01 16:43:00,69.8,21.0,0.0
2026-01-01 16:44:00,80.6,22.0,0.0
2026-01-01 16:45:00,78.1,30.0,0.0
2026-01-01 16:46:00,82.2,28.0,0.0
2026-01-01 16:47:00,80.1,17.0,0.0
2026-01-01 16:48:00,83.4,23.0,0.0
2026-01-01 16:49:00,70.7,17.0,0.0
2026-01-01 16:50:00,85.5,21.0,0.0
2026-01-01 16:51:00,76.6,15.0,0.0
2026-01-01 16:52:00,,24.0,0.0
2026-01-01 16:53:00,69.5,15.0,0.0
2026-01-01 16:54:00,88.9,22.0,0.0
2026-01-01 16:55:00,76.6,20.0,0.0
2026-01-01 16:56:00,69.8,18.0,0.0
2026-01-01 16:57:00,71.1,15.0,0.0
2026-01-01 16:58:00,72.4,19.0,0.0
2026-01-01 16:59:00,78.4,19.0,0.0
2026-01-01 17:00:00,79.2,21.0,0.0
2026-01-01 17:01:00,70.4,28.0,0.0
2026-01-01 17:02:00,74.8,20.0,0.0
2026-01-01 17:03:00,92.1,23.0,0.0
2026-01-01 17:04:00,88.8,20.0,0.0
2026-01-01 17:05:00,78.5,28.0,0.0
2026-01-01 17:06:00,75.3,21.0,0.0
2026-01-01 17:07:00,76.0,20.0,0.0
2026-01-01 17:08:00,79.9,21.0,0.0
2026-01-01 17:09:00,66.8,20.0,0.0
2026-01-01 17:10:00,72.9,12.0,0.0
2026-01-01 17:11:00,61.7,25.0,0.0
2026-01-01 17:12:00,78.2,15.0,0.0
2026-01-01 17:13:00,80.2,24.0,0.0
2026-01-01 17:14:00,71.1,21.0,0.0
2026-01-01 17:15:00,87.6,8.0,0.0
2026-01-01 17:16:00,65.2,25.0,0.0
2026-01-01 17:17:00,63.3,25.0,0.0
2026-01-01 17:18:00,76.8,19.0,0.0
2026-01-01 17:19:00,83.4,,0.0
2026-01-01 17:20:00,88.5,21.0,0.0
2026-01-01 17:21:00,71.3,17.0,0.0
2026-01-01 17:22:00,83.6,18.0,0.0
2026-01-01 17:23:00,74.7,21.0,0.0
2026-01-01 17:24:00,73.6,17.0,0.0
2026-01-01 17:25:00,82.1,19.0,0.0
2026-01-01 17:26:00,80.2,24.0,0.0
2026-01-01 17:27:00,62.4,11.0,0.0
2026-01-01 17:28:00,86.8,27.0,0.0
2026-01-01 17:29:00,86.0,21.0,0.0
2026-01-01 17:30:00,70.0,18.0,0.0
2026-01-01 17:31:00,78.2,21.0,0.0
2026-01-01 17:32:00,79.0,13.0,0.0
2026-01-01 17:33:00,77.1,32.0,0.0
2026-01-01 17:34:00,70.6,21.0,0.0
2026-01-01 17:35:00,69.6,21.0,0.0
2026-01-01 17:36:00,74.8,21.0,0.0
2026-01-01 17:37:00,84.4,19.0,0.0
2026-01-01 17:38:00,79.3,22.0,0.0
2026-01-01 17:39:00,72.0,17.0,0.0
2026-01-01 17:40:00,81.2,27.0,0.0
2026-01-01 17:41:00,52.2,22.0,0.0
2026-01-01 17:42:00,84.2,15.0,0.0
2026-01-01 17:43:00,61.1,20.0,0.0
2026-01-01 17:44:00,72.1,22.0,0.0
2026-01-01 17:45:00,66.0,18.0,0.0
2026-01-01 17:46:00,64.6,16.0,0.0
2026-01-01 17:47:00,84.3,16.0,0.0
2026-01-01 17:48:00,71.3,19.0,0.0
2026-01-01 17:49:00,77.8,19.0,0.0
2026-01-01 17:50:00,74.6,26.0,0.0
2026-01-01 17:51:00,78.8,20.0,0.0
2026-01-01 17:52:00,75.6,18.0,0.0
2026-01-01 17:53:00,64.7,22.0,0.0
2026-01-01 17:54:00,83.0,29.0,0.0
2026-01-01 17:55:00,71.0,18.0,0.0
2026-01-01 17:56:00,62.5,16.0,0.0
2026-01-01 17:57:00,71.6,23.0,0.0
2026-01-01 17:58:00,87.0,18.0,0.0
2026-01-01 17:59:00,81.8,22.0,0.0
2026-01-01 18:00:00,72.2,24.0,0.0
2026-01-01 18:01:00,72.2,26.0,0.0
2026-01-01 18:02:00,72.4,30.0,0.0
2026-01-01 18:03:00,91.6,18.0,0.0
2026-01-01 18:04:00,78.1,18.0,0.0
2026-01-01 18:05:00,78.4,19.0,0.0
2026-01-01 18:06:00,83.2,,0.0
2026-01-01 18:07:00,76.9,17.0,0.0
2026-01-01 18:08:00,72.9,15.0,0.0
2026-01-01 18:09:00,73.4,19.0,0.0
2026-01-01 18:10:00,160.9,21.0,0.0
2026-01-01 18:11:00,74.7,15.0,0.0
2026-01-01 18:12:00,80.8,22.0,0.0
2026-01-01 18:13:00,75.4,23.0,0.0
2026-01-01 18:14:00,80.9,20.0,0.0
2026-01-01 18:15:00,74.4,23.0,0.0
2026-01-01 18:16:00,75.6,20.0,0.0
2026-01-01 18:17:00,59.0,23.0,0.0
2026-01-01 18:18:00,82.3,19.0,0.0
2026-01-01 18:19:00,77.8,23.0,0.0
2026-01-01 18:20:00,83.0,26.0,0.0
2026-01-01 18:21:00,51.8,12.0,0.0
2026-01-01 18:22:00,91.7,19.0,0.0
2026-01-01 18:23:00,73.9,16.0,0.0
2026-01-01 18:24:00,83.9,21.0,0.0
2026-01-01 18:25:00,66.7,17.0,0.0
2026-01-01 18:26:00,79.9,26.0,0.0
2026-01-01 18:27:00,66.6,15.0,0.0
2026-01-01 18:28:00,70.0,17.0,0.0
2026-01-01 18:29:00,90.3,20.0,0.0
2026-01-01 18:30:00,73.5,15.0,0.0
2026-01-01 18:31:00,76.7,29.0,0.0
2026-01-01 18:32:00,,,0.0
2026-01-01 18:33:00,79.0,13.0,0.0
2026-01-01 18:34:00,76.2,17.0,0.0
2026-01-01 18:35:00,77.9,9.0,0.0
2026-01-01 18:36:00,94.2,24.0,0.0
2026-01-01 18:37:00,,20.0,0.0
2026-01-01 18:38:00,76.6,,0.0
2026-01-01 18:39:00,83.4,24.0,0.0
2026-01-01 18:40:00,,19.0,0.0
2026-01-01 18:41:00,84.5,20.0,0.0
2026-01-01 18:42:00,80.1,18.0,0.0
2026-01-01 18:43:00,65.9,20.0,0.0
2026-01-01 18:44:00,88.1,14.0,0.0
2026-01-01 18:45:00,65.8,17.0,0.0
2026-01-01 18:46:00,77.4,11.0,0.0
2026-01-01 18:47:00,69.0,12.0,0.0
2026-01-01 18:48:00,74.5,19.0,0.0
2026-01-01 18:49:00,77.6,17.0,0.0
2026-01-01 18:50:00,77.6,13.0,0.0
2026-01-01 18:51:00,78.4,18.0,0.0
2026-01-01 18:52:00,87.9,27.0,0.0
2026-01-01 18:53:00,78.6,13.0,0.0
2026-01-01 18:54:00,73.0,31.0,0.0
2026-01-01 18:55:00,82.7,19.0,0.0
2026-01-01 18:56:00,84.5,17.0,0.0
2026-01-01 18:57:00,,20.0,0.0
2026-01-01 18:58:00,79.8,25.0,0.0
2026-01-01 18:59:00,80.6,21.0,0.0
2026-01-01 19:00:00,72.6,21.0,0.0
2026-01-01 19:01:00,86.0,21.0,0.0
2026-01-01 19:02:00,73.8,24.0,0.0
2026-01-01 19:03:00,76.0,18.0,0.0
2026-01-01 19:04:00,73.6,19.0,0.0
2026-01-01 19:05:00,75.1,20.0,0.0
2026-01-01 19:06:00,66.2,21.0,0.0
2026-01-01 19:07:00,63.5,25.0,0.0
2026-01-01 19:08:00,87.8,16.0,0.0
2026-01-01 19:09:00,68.2,17.0,0.0
2026-01-01 19:10:00,67.1,22.0,0.0
2026-01-01 19:11:00,168.2,21.0,0.0
2026-01-01 19:12:00,69.9,14.0,0.0
2026-01-01 19:13:00,64.4,26.0,0.0
2026-01-01 19:14:00,88.1,23.0,0.0
2026-01-01 19:15:00,83.1,13.0,0.0
2026-01-01 19:16:00,69.5,19.0,0.0
2026-01-01 19:17:00,93.0,31.0,0.0
2026-01-01 19:18:00,82.9,18.0,0.0
2026-01-01 19:19:00,72.4,32.0,0.0
2026-01-01 19:20:00,55.0,17.0,0.0
2026-01-01 19:21:00,137.5,23.0,0.0
2026-01-01 19:22:00,63.9,23.0,0.0
2026-01-01 19:23:00,61.8,10.0,0.0
2026-01-01 19:24:00,83.2,18.0,0.0
2026-01-01 19:25:00,94.5,20.0,0.0
2026-01-01 19:26:00,86.1,15.0,0.0
2026-01-01 19:27:00,79.5,19.0,0.0
2026-01-01 19:28:00,79.8,22.0,0.0
2026-01-01 19:29:00,81.8,21.0,0.0
2026-01-01 19:30:00,81.1,22.0,0.0
2026-01-01 19:31:00,77.2,21.0,0.0
2026-01-01 19:32:00,75.8,16.0,0.0
2026-01-01 19:33:00,74.5,19.0,0.0
2026-01-01 19:34:00,69.0,12.0,0.0
2026-01-01 19:35:00,72.8,18.0,0.0
2026-01-01 19:36:00,61.5,21.0,0.0
2026-01-01 19:37:00,74.2,17.0,0.0
2026-01-01 19:38:00,67.1,16.0,0.0
2026-01-01 19:39:00,66.2,23.0,0.0
2026-01-01 19:40:00,76.4,18.0,0.0
2026-01-01 19:41:00,86.1,24.0,0.0
2026-01-01 19:42:00,82.3,12.0,0.0
2026-01-01 19:43:00,62.4,17.0,0.0
2026-01-01 19:44:00,67.1,25.0,0.0
2026-01-01 19:45:00,82.5,23.0,0.0
2026-01-01 19:46:00,67.1,18.0,0.0
2026-01-01 19:47:00,73.2,24.0,0.0
2026-01-01 19:48:00,79.4,25.0,0.0
2026-01-01 19:49:00,67.3,19.0,0.0
2026-01-01 19:50:00,75.8,16.0,0.0
2026-01-01 19:51:00,64.3,21.0,0.0
2026-01-01 19:52:00,70.2,15.0,0.0
2026-01-01 19:53:00,77.6,21.0,0.0
2026-01-01 19:54:00,,20.0,0.0
2026-01-01 19:55:00,78.5,21.0,0.0
2026-01-01 19:56:00,74.8,21.0,0.0
2026-01-01 19:57:00,79.4,20.0,0.0
2026-01-01 19:58:00,76.8,16.0,0.0
2026-01-01 19:59:00,85.9,17.0,0.0
2026-01-01 20:00:00,76.0,20.0,0.0
2026-01-01 20:01:00,71.6,17.0,0.0
2026-01-01 20:02:00,76.0,26.0,0.0
2026-01-01 20:03:00,79.3,24.0,0.0
2026-01-01 20:04:00,75.4,14.0,0.0
2026-01-01 20:05:00,75.3,25.0,0.0
2026-01-01 20:06:00,69.4,22.0,0.0
2026-01-01 20:07:00,69.7,20.0,0.0
2026-01-01 20:08:00,63.8,22.0,0.0
2026-01-01 20:09:00,89.0,19.0,0.0
2026-01-01 20:10:00,65.0,21.0,0.0
2026-01-01 20:11:00,69.5,15.0,0.0
2026-01-01 20:12:00,69.3,20.0,0.0
2026-01-01 20:13:00,82.2,13.0,0.0
2026-01-01 20:14:00,72.6,22.0,0.0
2026-01-01 20:15:00,85.0,13.0,0.0
2026-01-01 20:16:00,69.6,16.0,0.0
2026-01-01 20:17:00,77.2,17.0,0.0
2026-01-01 20:18:00,68.3,29.0,0.0
2026-01-01 20:19:00,92.2,25.0,0.0
2026-01-01 20:20:00,65.5,17.0,0.0
2026-01-01 20:21:00,77.5,17.0,0.0
2026-01-01 20:22:00,80.1,28.0,0.0
2026-01-01 20:23:00,78.3,23.0,0.0
2026-01-01 20:24:00,73.5,35.0,0.0
2026-01-01 20:25:00,74.0,25.0,0.0
2026-01-01 20:26:00,75.4,22.0,0.0
2026-01-01 20:27:00,73.8,,0.0
2026-01-01 20:28:00,82.7,9.0,0.0
2026-01-01 20:29:00,92.7,25.0,0.0
2026-01-01 20:30:00,70.5,19.0,0.0
2026-01-01 20:31:00,64.0,,0.0
2026-01-01 20:32:00,74.3,28.0,0.0
2026-01-01 20:33:00,95.6,17.0,0.0
2026-01-01 20:34:00,68.6,18.0,0.0
2026-01-01 20:35:00,88.1,18.0,0.0
2026-01-01 20:36:00,88.4,22.0,0.0
2026-01-01 20:37:00,70.6,17.0,0.0
2026-01-01 20:38:00,79.6,14.0,0.0
2026-01-01 20:39:00,88.0,19.0,0.0
2026-01-01 20:40:00,72.0,12.0,0.0
2026-01-01 20:41:00,73.4,25.0,0.0
2026-01-01 20:42:00,70.3,19.0,0.0
2026-01-01 20:43:00,66.9,26.0,0.0
2026-01-01 20:44:00,69.8,21.0,0.0
2026-01-01 20:45:00,65.2,19.0,0.0
2026-01-01 20:46:00,75.3,21.0,0.0
2026-01-01 20:47:00,68.8,24.0,0.0
2026-01-01 20:48:00,76.9,15.0,0.0
2026-01-01 20:49:00,62.6,15.0,0.0
2026-01-01 20:50:00,77.6,21.0,0.0
2026-01-01 20:51:00,81.7,21.0,0.0
2026-01-01 20:52:00,59.1,18.0,0.0
2026-01-01 20:53:00,78.0,21.0,0.0
2026-01-01 20:54:00,84.8,22.0,0.0
2026-01-01 20:55:00,65.3,23.0,0.0
2026-01-01 20:56:00,88.4,16.0,0.0
2026-01-01 20:57:00,78.4,14.0,0.0
2026-01-01 20:58:00,69.4,22.0,0.0
2026-01-01 20:59:00,74.6,15.0,0.0
2026-01-01 21:00:00,,25.0,0.0
2026-01-01 21:01:00,75.6,22.0,0.0
2026-01-01 21:02:00,79.3,11.0,0.0
2026-01-01 21:03:00,67.6,25.0,0.0
2026-01-01 21:04:00,76.4,22.0,0.0
2026-01-01 21:05:00,63.7,31.0,0.0
2026-01-01 21:06:00,74.1,21.0,0.0
2026-01-01 21:07:00,67.8,23.0,0.0
2026-01-01 21:08:00,69.1,16.0,0.0
2026-01-01 21:09:00,84.9,27.0,0.0
2026-01-01 21:10:00,83.7,20.0,0.0
2026-01-01 21:11:00,79.9,14.0,0.0
2026-01-01 21:12:00,66.3,16.0,0.0
2026-01-01 21:13:00,72.5,22.0,0.0
2026-01-01 21:14:00,84.7,24.0,0.0
2026-01-01 21:15:00,76.1,19.0,0.0
2026-01-01 21:16:00,93.6,17.0,0.0
2026-01-01 21:17:00,78.1,21.0,0.0
2026-01-01 21:18:00,76.5,27.0,0.0
2026-01-01 21:19:00,72.5,,0.0
2026-01-01 21:20:00,76.1,19.0,0.0
2026-01-01 21:21:00,73.8,22.0,0.0
2026-01-01 21:22:00,80.7,15.0,0.0
2026-01-01 21:23:00,82.7,13.0,0.0
2026-01-01 21:24:00,68.7,13.0,0.0
2026-01-01 21:25:00,64.4,24.0,0.0
2026-01-01 21:26:00,60.3,14.0,0.0
2026-01-01 21:27:00,79.1,15.0,0.0
2026-01-01 21:28:00,66.2,25.0,0.0
2026-01-01 21:29:00,57.8,22.0,0.0
2026-01-01 21:30:00,78.1,22.0,0.0
2026-01-01 21:31:00,94.9,22.0,0.0
2026-01-01 21:32:00,75.0,26.0,0.0
2026-01-01 21:33:00,81.7,15.0,0.0
2026-01-01 21:34:00,75.7,16.0,0.0
2026-01-01 21:35:00,,27.0,0.0
2026-01-01 21:36:00,82.4,22.0,0.0
2026-01-01 21:37:00,159.0,19.0,0.0
2026-01-01 21:38:00,77.1,29.0,0.0
2026-01-01 21:39:00,77.6,26.0,0.0
2026-01-01 21:40:00,69.7,16.0,0.0
2026-01-01 21:41:00,82.9,17.0,0.0
2026-01-01 21:42:00,73.6,22.0,0.0
2026-01-01 21:43:00,69.0,16.0,0.0
2026-01-01 21:44:00,79.3,22.0,0.0
2026-01-01 21:45:00,67.8,25.0,0.0
2026-01-01 21:46:00,75.2,22.0,0.0
2026-01-01 21:47:00,74.9,21.0,0.0
2026-01-01 21:48:00,83.7,17.0,0.0
2026-01-01 21:49:00,78.8,17.0,0.0
2026-01-01 21:50:00,74.8,20.0,0.0
2026-01-01 21:51:00,81.5,32.0,0.0
2026-01-01 21:52:00,86.1,17.0,0.0
2026-01-01 21:53:00,79.5,17.0,0.0
2026-01-01 21:54:00,75.1,18.0,0.0
2026-01-01 21:55:00,64.5,22.0,0.0
2026-01-01 21:56:00,66.5,25.0,0.0
2026-01-01 21:57:00,72.6,12.0,0.0
2026-01-01 21:58:00,70.1,14.0,0.0
2026-01-01 21:59:00,73.5,28.0,0.0
2026-01-01 22:00:00,75.5,25.0,0.0
2026-01-01 22:01:00,79.2,23.0,0.0
2026-01-01 22:02:00,74.4,15.0,0.0
2026-01-01 22:03:00,78.9,22.0,0.0
2026-01-01 22:04:00,75.5,18.0,0.0
2026-01-01 22:05:00,59.2,25.0,0.0
2026-01-01 22:06:00,67.5,24.0,0.0
2026-01-01 22:07:00,73.8,26.0,0.0
2026-01-01 22:08:00,65.3,21.0,0.0
2026-01-01 22:09:00,79.8,19.0,0.0
2026-01-01 22:10:00,87.2,13.0,0.0
2026-01-01 22:11:00,84.8,26.0,0.0
2026-01-01 22:12:00,73.3,16.0,0.0
2026-01-01 22:13:00,86.9,17.0,0.0
2026-01-01 22:14:00,76.2,19.0,0.0
2026-01-01 22:15:00,72.3,14.0,0.0
2026-01-01 22:16:00,70.1,19.0,0.0
2026-01-01 22:17:00,72.6,23.0,0.0
2026-01-01 22:18:00,71.9,23.0,0.0
2026-01-01 22:19:00,76.4,25.0,0.0
2026-01-01 22:20:00,76.3,16.0,0.0
2026-01-01 22:21:00,75.0,22.0,0.0
2026-01-01 22:22:00,78.5,19.0,0.0
2026-01-01 22:23:00,84.5,26.0,0.0
2026-01-01 22:24:00,82.6,19.0,0.0
2026-01-01 22:25:00,63.1,16.0,0.0
2026-01-01 22:26:00,54.6,20.0,0.0
2026-01-01 22:27:00,82.5,24.0,0.0
2026-01-01 22:28:00,64.1,23.0,0.0
2026-01-01 22:29:00,73.2,20.0,0.0
2026-01-01 22:30:00,65.6,19.0,0.0
2026-01-01 22:31:00,60.6,27.0,0.0
2026-01-01 22:32:00,79.3,30.0,0.0
2026-01-01 22:33:00,81.1,22.0,0.0
2026-01-01 22:34:00,70.4,14.0,0.0
2026-01-01 22:35:00,54.3,13.0,0.0
2026-01-01 22:36:00,70.6,19.0,0.0
2026-01-01 22:37:00,78.1,16.0,0.0
2026-01-01 22:38:00,63.2,19.0,0.0
2026-01-01 22:39:00,76.5,23.0,0.0
2026-01-01 22:40:00,74.9,20.0,0.0
2026-01-01 22:41:00,79.6,17.0,0.0
2026-01-01 22:42:00,76.0,15.0,0.0
2026-01-01 22:43:00,67.2,16.0,0.0
2026-01-01 22:44:00,84.6,24.0,0.0
2026-01-01 22:45:00,73.7,21.0,0.0
2026-01-01 22:46:00,74.8,12.0,0.0
2026-01-01 22:47:00,67.5,18.0,0.0
2026-01-01 22:48:00,71.5,22.0,0.0
2026-01-01 22:49:00,67.9,16.0,0.0
2026-01-01 22:50:00,73.6,19.0,0.0
2026-01-01 22:51:00,88.7,32.0,0.0
2026-01-01 22:52:00,64.0,18.0,0.0
2026-01-01 22:53:00,62.1,22.0,0.0
2026-01-01 22:54:00,86.8,14.0,0.0
2026-01-01 22:55:00,73.3,24.0,0.0
2026-01-01 22:56:00,69.6,17.0,0.0
2026-01-01 22:57:00,83.3,19.0,0.0
2026-01-01 22:58:00,70.2,19.0,0.0
2026-01-01 22:59:00,89.6,20.0,0.0
2026-01-01 23:00:00,68.3,0.0,7.66
2026-01-01 23:01:00,58.8,0.0,7.05
2026-01-01 23:02:00,67.1,0.0,7.51
2026-01-01 23:03:00,58.3,0.0,6.66
2026-01-01 23:04:00,45.1,0.0,7.85
2026-01-01 23:05:00,54.6,0.0,7.46
2026-01-01 23:06:00,53.5,0.0,7.55
2026-01-01 23:07:00,61.1,0.0,6.67
2026-01-01 23:08:00,63.6,0.0,7.92
2026-01-01 23:09:00,63.0,0.0,5.58
2026-01-01 23:10:00,65.2,0.0,6.67
2026-01-01 23:11:00,62.3,0.0,5.62
2026-01-01 23:12:00,53.1,0.0,7.63
2026-01-01 23:13:00,61.1,0.0,6.29
2026-01-01 23:14:00,56.7,0.0,6.2
2026-01-01 23:15:00,60.2,0.0,5.9
2026-01-01 23:16:00,58.2,0.0,7.53
2026-01-01 23:17:00,57.5,0.0,6.63
2026-01-01 23:18:00,58.5,0.0,6.79
2026-01-01 23:19:00,67.7,0.0,7.47
2026-01-01 23:20:00,49.8,0.0,7.05
2026-01-01 23:21:00,53.8,0.0,7.36
2026-01-01 23:22:00,54.3,0.0,6.95
2026-01-01 23:23:00,58.1,,6.07
2026-01-01 23:24:00,62.6,0.0,6.94
2026-01-01 23:25:00,46.6,0.0,5.93
2026-01-01 23:26:00,57.8,0.0,7.16
2026-01-01 23:27:00,63.3,0.0,6.73
2026-01-01 23:28:00,64.8,0.0,7.94
2026-01-01 23:29:00,51.5,0.0,5.73
2026-01-01 23:30:00,64.6,0.0,7.02
2026-01-01 23:31:00,63.4,0.0,7.26
2026-01-01 23:32:00,65.6,0.0,6.97
2026-01-01 23:33:00,59.2,0.0,7.89
2026-01-01 23:34:00,60.7,0.0,6.75
2026-01-01 23:35:00,63.5,0.0,6.85
2026-01-01 23:36:00,60.3,0.0,6.64
2026-01-01 23:37:00,51.9,0.0,6.45
2026-01-01 23:38:00,54.5,0.0,6.62
2026-01-01 23:39:00,59.3,0.0,5.62
2026-01-01 23:40:00,67.6,,7.44
2026-01-01 23:41:00,62.1,0.0,5.87
2026-01-01 23:42:00,55.9,0.0,6.93
2026-01-01 23:43:00,56.3,0.0,5.53
2026-01-01 23:44:00,56.5,0.0,5.83
2026-01-01 23:45:00,58.2,0.0,7.96
2026-01-01 23:46:00,58.6,0.0,6.27
2026-01-01 23:47:00,58.3,0.0,6.97
2026-01-01 23:48:00,58.4,0.0,5.66
2026-01-01 23:49:00,52.0,0.0,5.56
2026-01-01 23:50:00,52.1,0.0,7.1
2026-01-01 23:51:00,57.0,0.0,6.02
2026-01-01 23:52:00,53.8,0.0,7.14
2026-01-01 23:53:00,58.4,0.0,7.22
2026-01-01 23:54:00,63.3,0.0,6.91
2026-01-01 23:55:00,65.4,0.0,5.79
2026-01-01 23:56:00,137.7,0.0,7.24
2026-01-01 23:57:00,59.6,0.0,5.85
2026-01-01 23:58:00,62.3,0.0,7.11
2026-01-01 23:59:00,59.4,0.0,6.32
2026-01-02 00:00:00,58.6,0.0,7.91
2026-01-02 00:01:00,62.4,0.0,7.51
2026-01-02 00:02:00,58.0,0.0,7.99
2026-01-02 00:03:00,52.1,0.0,6.8
2026-01-02 00:04:00,57.8,0.0,6.24
2026-01-02 00:05:00,51.4,0.0,5.93
2026-01-02 00:06:00,57.5,0.0,7.68
2026-01-02 00:07:00,61.2,0.0,7.13
2026-01-02 00:08:00,60.7,0.0,7.13
2026-01-02 00:09:00,59.6,0.0,7.83
2026-01-02 00:10:00,58.7,0.0,7.3
2026-01-02 00:11:00,60.9,0.0,6.78
2026-01-02 00:12:00,62.4,0.0,6.08
2026-01-02 00:13:00,57.6,0.0,5.84
2026-01-02 00:14:00,53.7,0.0,6.67
2026-01-02 00:15:00,61.1,0.0,6.29
2026-01-02 00:16:00,54.4,0.0,6.56
2026-01-02 00:17:00,55.2,0.0,7.93
2026-01-02 00:18:00,63.9,0.0,5.88
2026-01-02 00:19:00,,0.0,6.22
2026-01-02 00:20:00,66.6,0.0,5.96
2026-01-02 00:21:00,64.7,0.0,7.22
2026-01-02 00:22:00,59.6,0.0,6.3
2026-01-02 00:23:00,64.0,0.0,7.62
2026-01-02 00:24:00,54.2,,6.63
2026-01-02 00:25:00,58.7,0.0,6.57
2026-01-02 00:26:00,59.8,0.0,6.84
2026-01-02 00:27:00,58.0,0.0,7.45
2026-01-02 00:28:00,63.7,0.0,7.2
2026-01-02 00:29:00,61.2,0.0,5.55
2026-01-02 00:30:00,61.0,0.0,6.89
2026-01-02 00:31:00,67.3,0.0,6.31
2026-01-02 00:32:00,,0.0,5.84
2026-01-02 00:33:00,65.0,,7.7
2026-01-02 00:34:00,65.2,0.0,6.96
2026-01-02 00:35:00,63.0,0.0,7.15
2026-01-02 00:36:00,67.1,0.0,6.5
2026-01-02 00:37:00,60.3,0.0,6.43
2026-01-02 00:38:00,61.3,0.0,6.47
2026-01-02 00:39:00,56.5,0.0,6.53
2026-01-02 00:40:00,57.7,0.0,6.51
2026-01-02 00:41:00,61.0,0.0,6.98
2026-01-02 00:42:00,58.1,0.0,7.43
2026-01-02 00:43:00,61.9,0.0,7.74
2026-01-02 00:44:00,59.8,0.0,7.14
2026-01-02 00:45:00,65.2,0.0,6.86
2026-01-02 00:46:00,132.7,0.0,7.8
2026-01-02 00:47:00,,0.0,6.19
2026-01-02 00:48:00,52.4,0.0,6.48
2026-01-02 00:49:00,56.0,0.0,6.17
2026-01-02 00:50:00,61.0,0.0,7.65
2026-01-02 00:51:00,57.5,0.0,5.93
2026-01-02 00:52:00,59.5,0.0,6.36
2026-01-02 00:53:00,59.1,0.0,7.42
2026-01-02 00:54:00,59.0,,7.71
2026-01-02 00:55:00,52.5,0.0,6.68
2026-01-02 00:56:00,60.4,0.0,7.68
2026-01-02 00:57:00,68.0,0.0,7.18
2026-01-02 00:58:00,60.0,0.0,7.62
2026-01-02 00:59:00,59.9,0.0,7.77
2026-01-02 01:00:00,68.6,0.0,7.35
2026-01-02 01:01:00,72.4,0.0,6.37
2026-01-02 01:02:00,55.2,0.0,6.8
2026-01-02 01:03:00,69.1,,7.29
2026-01-02 01:04:00,59.2,0.0,7.65
2026-01-02 01:05:00,54.1,0.0,6.52
2026-01-02 01:06:00,63.6,0.0,7.22
2026-01-02 01:07:00,53.5,0.0,7.69
2026-01-02 01:08:00,58.8,0.0,6.55
2026-01-02 01:09:00,58.2,0.0,7.88
2026-01-02 01:10:00,60.1,0.0,7.9
2026-01-02 01:11:00,53.3,0.0,7.62
2026-01-02 01:12:00,52.4,0.0,5.55
2026-01-02 01:13:00,63.6,0.0,7.66
2026-01-02 01:14:00,65.6,0.0,6.21
2026-01-02 01:15:00,66.0,0.0,6.05
2026-01-02 01:16:00,51.9,,5.59
2026-01-02 01:17:00,56.5,0.0,7.52
2026-01-02 01:18:00,71.2,0.0,7.5
2026-01-02 01:19:00,55.5,0.0,7.01
2026-01-02 01:20:00,51.8,0.0,7.57
2026-01-02 01:21:00,57.3,0.0,6.16
2026-01-02 01:22:00,49.6,0.0,6.84
2026-01-02 01:23:00,51.2,0.0,5.73
2026-01-02 01:24:00,56.9,0.0,7.3
2026-01-02 01:25:00,57.1,0.0,6.53
2026-01-02 01:26:00,50.9,0.0,6.07
2026-01-02 01:27:00,65.9,0.0,6.62
2026-01-02 01:28:00,57.7,0.0,6.84
2026-01-02 01:29:00,58.0,0.0,7.7
2026-01-02 01:30:00,57.7,0.0,6.58
2026-01-02 01:31:00,59.6,0.0,6.74
2026-01-02 01:32:00,68.8,0.0,6.89
2026-01-02 01:33:00,62.5,0.0,5.94
2026-01-02 01:34:00,60.0,0.0,6.13
2026-01-02 01:35:00,54.4,0.0,6.04
2026-01-02 01:36:00,55.7,0.0,5.65
2026-01-02 01:37:00,57.9,0.0,7.27
2026-01-02 01:38:00,57.6,0.0,6.83
2026-01-02 01:39:00,62.3,0.0,7.02
2026-01-02 01:40:00,51.4,0.0,6.34
2026-01-02 01:41:00,64.0,0.0,5.72
2026-01-02 01:42:00,58.5,0.0,6.06
2026-01-02 01:43:00,53.5,0.0,7.15
2026-01-02 01:44:00,60.1,0.0,6.16
2026-01-02 01:45:00,58.5,0.0,7.01
2026-01-02 01:46:00,56.0,0.0,7.91
2026-01-02 01:47:00,72.3,0.0,6.93
2026-01-02 01:48:00,57.4,0.0,7.82
2026-01-02 01:49:00,64.8,0.0,6.09
2026-01-02 01:50:00,68.5,0.0,6.16
2026-01-02 01:51:00,60.2,0.0,6.76
2026-01-02 01:52:00,64.3,0.0,5.67
2026-01-02 01:53:00,63.1,0.0,6.22
2026-01-02 01:54:00,,0.0,7.16
2026-01-02 01:55:00,59.1,,7.61
2026-01-02 01:56:00,63.5,0.0,6.81
2026-01-02 01:57:00,61.8,0.0,6.74
2026-01-02 01:58:00,56.1,0.0,6.28
2026-01-02 01:59:00,63.6,0.0,6.47
2026-01-02 02:00:00,56.7,0.0,7.66
2026-01-02 02:01:00,67.8,0.0,6.04
2026-01-02 02:02:00,55.8,0.0,6.39
2026-01-02 02:03:00,57.2,0.0,7.36
2026-01-02 02:04:00,49.0,0.0,6.13
2026-01-02 02:05:00,55.6,0.0,7.96
2026-01-02 02:06:00,68.5,0.0,6.48
2026-01-02 02:07:00,67.7,0.0,6.55
2026-01-02 02:08:00,60.1,0.0,6.58
2026-01-02 02:09:00,56.6,,6.76
2026-01-02 02:10:00,61.2,0.0,5.87
2026-01-02 02:11:00,55.8,0.0,5.99
2026-01-02 02:12:00,168.2,0.0,6.13
2026-01-02 02:13:00,62.7,0.0,6.32
2026-01-02 02:14:00,58.0,0.0,6.02
2026-01-02 02:15:00,60.0,0.0,7.18
2026-01-02 02:16:00,62.9,0.0,6.81
2026-01-02 02:17:00,63.0,0.0,5.82
2026-01-02 02:18:00,57.4,0.0,6.5
2026-01-02 02:19:00,56.4,0.0,6.16
2026-01-02 02:20:00,63.0,0.0,6.89
2026-01-02 02:21:00,59.4,0.0,5.82
2026-01-02 02:22:00,63.7,0.0,7.93
2026-01-02 02:23:00,56.4,0.0,6.35
2026-01-02 02:24:00,57.8,0.0,5.86
2026-01-02 02:25:00,64.0,0.0,7.15
2026-01-02 02:26:00,57.5,0.0,6.92
2026-01-02 02:27:00,43.3,0.0,7.33
2026-01-02 02:28:00,63.6,0.0,5.72
2026-01-02 02:29:00,61.5,0.0,5.64
2026-01-02 02:30:00,57.5,0.0,5.85
2026-01-02 02:31:00,68.6,0.0,6.51
2026-01-02 02:32:00,54.6,0.0,5.84
2026-01-02 02:33:00,60.1,0.0,6.69
2026-01-02 02:34:00,165.3,0.0,7.41
2026-01-02 02:35:00,51.5,0.0,7.98
2026-01-02 02:36:00,58.6,0.0,7.22
2026-01-02 02:37:00,65.8,0.0,7.42
2026-01-02 02:38:00,58.7,0.0,5.6
2026-01-02 02:39:00,58.4,0.0,6.5
2026-01-02 02:40:00,66.5,0.0,7.61
2026-01-02 02:41:00,53.6,0.0,7.27
2026-01-02 02:42:00,,0.0,6.97
2026-01-02 02:43:00,50.7,0.0,6.36
2026-01-02 02:44:00,65.0,0.0,5.71
2026-01-02 02:45:00,53.3,0.0,6.32
2026-01-02 02:46:00,55.9,0.0,6.48
2026-01-02 02:47:00,53.7,0.0,6.53
2026-01-02 02:48:00,63.5,0.0,7.3
2026-01-02 02:49:00,60.1,0.0,5.6
2026-01-02 02:50:00,63.9,0.0,6.76
2026-01-02 02:51:00,60.8,0.0,5.62
2026-01-02 02:52:00,57.9,0.0,6.93
2026-01-02 02:53:00,62.9,0.0,7.69
2026-01-02 02:54:00,61.2,0.0,5.55
2026-01-02 02:55:00,60.6,0.0,7.14
2026-01-02 02:56:00,57.6,0.0,6.6
2026-01-02 02:57:00,59.8,0.0,7.22
2026-01-02 02:58:00,58.5,0.0,6.7
2026-01-02 02:59:00,58.1,0.0,5.66
2026-01-02 03:00:00,60.6,0.0,6.94
2026-01-02 03:01:00,71.9,0.0,7.54
2026-01-02 03:02:00,56.4,0.0,7.65
2026-01-02 03:03:00,68.5,0.0,6.91
2026-01-02 03:04:00,63.3,0.0,7.12
2026-01-02 03:05:00,58.8,0.0,5.83
2026-01-02 03:06:00,54.4,0.0,7.18
2026-01-02 03:07:00,52.6,0.0,6.04
2026-01-02 03:08:00,57.5,0.0,6.96
2026-01-02 03:09:00,59.7,0.0,6.3
2026-01-02 03:10:00,65.6,0.0,7.53
2026-01-02 03:11:00,64.7,0.0,7.25
2026-01-02 03:12:00,58.6,0.0,6.28
2026-01-02 03:13:00,57.5,0.0,7.58
2026-01-02 03:14:00,58.6,0.0,7.95
2026-01-02 03:15:00,60.0,0.0,5.85
2026-01-02 03:16:00,56.2,0.0,6.31
2026-01-02 03:17:00,60.7,0.0,7.86
2026-01-02 03:18:00,60.3,0.0,6.41
2026-01-02 03:19:00,60.4,0.0,7.39
2026-01-02 03:20:00,67.3,0.0,7.02
2026-01-02 03:21:00,66.7,0.0,7.07
2026-01-02 03:22:00,62.2,0.0,6.88
2026-01-02 03:23:00,61.6,0.0,6.04
2026-01-02 03:24:00,71.2,0.0,5.71
2026-01-02 03:25:00,46.4,0.0,7.57
2026-01-02 03:26:00,64.9,0.0,6.61
2026-01-02 03:27:00,72.8,0.0,5.6
2026-01-02 03:28:00,58.3,0.0,7.04
2026-01-02 03:29:00,61.6,0.0,6.99
2026-01-02 03:30:00,59.7,0.0,6.98
2026-01-02 03:31:00,61.3,0.0,6.07
2026-01-02 03:32:00,65.2,0.0,5.93
2026-01-02 03:33:00,68.0,0.0,7.11
2026-01-02 03:34:00,58.8,0.0,5.72
2026-01-02 03:35:00,64.3,0.0,6.28
2026-01-02 03:36:00,65.0,0.0,6.66
2026-01-02 03:37:00,58.5,0.0,7.82
2026-01-02 03:38:00,61.8,0.0,6.26
2026-01-02 03:39:00,62.3,0.0,7.83
2026-01-02 03:40:00,51.9,0.0,6.11
2026-01-02 03:41:00,62.8,0.0,7.56
2026-01-02 03:42:00,50.5,0.0,5.51
2026-01-02 03:43:00,63.8,0.0,6.31
2026-01-02 03:44:00,61.6,0.0,7.11
2026-01-02 03:45:00,65.3,0.0,7.63
2026-01-02 03:46:00,46.1,0.0,6.16
2026-01-02 03:47:00,65.5,,5.53
2026-01-02 03:48:00,64.9,0.0,6.89
2026-01-02 03:49:00,68.6,0.0,7.34
2026-01-02 03:50:00,52.2,0.0,6.93
2026-01-02 03:51:00,63.3,0.0,5.7
2026-01-02 03:52:00,50.4,0.0,6.57
2026-01-02 03:53:00,63.1,0.0,7.3
2026-01-02 03:54:00,65.9,0.0,7.11
2026-01-02 03:55:00,56.1,0.0,7.12
2026-01-02 03:56:00,58.7,0.0,7.09
2026-01-02 03:57:00,60.1,0.0,7.24
2026-01-02 03:58:00,52.4,0.0,6.44
2026-01-02 03:59:00,62.7,0.0,6.01
2026-01-02 04:00:00,50.6,0.0,6.35
2026-01-02 04:01:00,58.9,0.0,6.79
2026-01-02 04:02:00,68.8,0.0,5.91
2026-01-02 04:03:00,61.0,0.0,6.59
2026-01-02 04:04:00,53.6,0.0,7.08
2026-01-02 04:05:00,54.9,0.0,6.95
2026-01-02 04:06:00,51.7,0.0,6.75
2026-01-02 04:07:00,63.1,0.0,6.42
2026-01-02 04:08:00,53.7,0.0,5.71
2026-01-02 04:09:00,64.4,0.0,7.68
2026-01-02 04:10:00,60.9,0.0,6.71
2026-01-02 04:11:00,50.3,0.0,6.45
2026-01-02 04:12:00,50.7,0.0,6.91
2026-01-02 04:13:00,55.4,0.0,7.28
2026-01-02 04:14:00,59.1,0.0,6.41
2026-01-02 04:15:00,66.2,0.0,7.3
2026-01-02 04:16:00,62.4,0.0,5.77
2026-01-02 04:17:00,63.5,0.0,6.03
2026-01-02 04:18:00,58.5,0.0,5.86
2026-01-02 04:19:00,51.7,0.0,5.58
2026-01-02 04:20:00,62.9,0.0,6.49
2026-01-02 04:21:00,60.5,0.0,6.79
2026-01-02 04:22:00,57.2,0.0,7.55
2026-01-02 04:23:00,60.3,0.0,6.29
2026-01-02 04:24:00,56.4,0.0,6.94
2026-01-02 04:25:00,56.5,0.0,6.0
2026-01-02 04:26:00,62.1,0.0,7.81
2026-01-02 04:27:00,62.6,0.0,6.48
2026-01-02 04:28:00,51.7,0.0,6.76
2026-01-02 04:29:00,58.8,0.0,6.76
2026-01-02 04:30:00,57.7,0.0,5.58
2026-01-02 04:31:00,67.7,0.0,6.79
2026-01-02 04:32:00,64.1,0.0,6.42
2026-01-02 04:33:00,63.5,,7.41
2026-01-02 04:34:00,57.0,0.0,7.31
2026-01-02 04:35:00,54.5,0.0,6.67
2026-01-02 04:36:00,56.1,0.0,6.33
2026-01-02 04:37:00,65.8,0.0,5.85
2026-01-02 04:38:00,54.1,0.0,6.5
2026-01-02 04:39:00,69.9,0.0,5.68
2026-01-02 04:40:00,60.6,0.0,6.72
2026-01-02 04:41:00,69.5,0.0,7.68
2026-01-02 04:42:00,65.9,0.0,6.22
2026-01-02 04:43:00,50.5,0.0,7.48
2026-01-02 04:44:00,56.5,0.0,6.31
2026-01-02 04:45:00,62.1,0.0,6.23
2026-01-02 04:46:00,57.2,0.0,5.86
2026-01-02 04:47:00,63.2,0.0,7.29
2026-01-02 04:48:00,72.5,0.0,7.86
2026-01-02 04:49:00,68.7,0.0,6.65
2026-01-02 04:50:00,72.1,0.0,6.31
2026-01-02 04:51:00,57.1,0.0,7.96
2026-01-02 04:52:00,70.4,0.0,7.84
2026-01-02 04:53:00,57.9,0.0,7.74
2026-01-02 04:54:00,59.5,0.0,6.48
2026-01-02 04:55:00,62.5,0.0,7.0
2026-01-02 04:56:00,60.7,0.0,7.27
2026-01-02 04:57:00,68.4,0.0,6.17
2026-01-02 04:58:00,69.9,0.0,7.44
2026-01-02 04:59:00,63.2,0.0,6.31
2026-01-02 05:00:00,53.1,0.0,6.7
2026-01-02 05:01:00,68.5,0.0,6.0
2026-01-02 05:02:00,68.7,0.0,7.9
2026-01-02 05:03:00,60.4,0.0,6.53
2026-01-02 05:04:00,51.9,0.0,6.39
2026-01-02 05:05:00,51.7,0.0,6.86
2026-01-02 05:06:00,54.4,0.0,6.86
2026-01-02 05:07:00,60.0,0.0,6.74
2026-01-02 05:08:00,68.2,0.0,5.92
2026-01-02 05:09:00,65.4,0.0,6.5
2026-01-02 05:10:00,66.3,0.0,7.77
2026-01-02 05:11:00,63.2,0.0,6.42
2026-01-02 05:12:00,61.6,0.0,7.9
2026-01-02 05:13:00,61.4,0.0,5.93
2026-01-02 05:14:00,55.0,0.0,6.18
2026-01-02 05:15:00,55.3,0.0,7.64
2026-01-02 05:16:00,59.1,0.0,5.58
2026-01-02 05:17:00,58.2,0.0,6.0
2026-01-02 05:18:00,61.5,0.0,6.08
2026-01-02 05:19:00,66.9,0.0,5.51
2026-01-02 05:20:00,55.3,0.0,6.57
2026-01-02 05:21:00,58.9,0.0,7.19
2026-01-02 05:22:00,154.6,0.0,7.26
2026-01-02 05:23:00,64.7,0.0,5.5
2026-01-02 05:24:00,62.2,0.0,7.88
2026-01-02 05:25:00,62.0,0.0,5.73
2026-01-02 05:26:00,60.4,0.0,7.35
2026-01-02 05:27:00,61.1,0.0,6.93
2026-01-02 05:28:00,70.5,0.0,7.86
2026-01-02 05:29:00,54.0,0.0,6.69
2026-01-02 05:30:00,60.0,0.0,7.83
2026-01-02 05:31:00,55.9,0.0,7.22
2026-01-02 05:32:00,64.2,0.0,7.48
2026-01-02 05:33:00,60.8,0.0,7.85
2026-01-02 05:34:00,58.4,0.0,5.66
2026-01-02 05:35:00,59.7,0.0,6.32
2026-01-02 05:36:00,64.4,0.0,6.84
2026-01-02 05:37:00,72.1,0.0,6.17
2026-01-02 05:38:00,59.2,0.0,7.75
2026-01-02 05:39:00,63.5,0.0,7.73
2026-01-02 05:40:00,59.1,,6.46
2026-01-02 05:41:00,68.6,0.0,5.81
2026-01-02 05:42:00,68.4,0.0,7.82
2026-01-02 05:43:00,58.3,0.0,6.42
2026-01-02 05:44:00,60.0,0.0,5.55
2026-01-02 05:45:00,55.3,0.0,7.22
2026-01-02 05:46:00,65.4,0.0,6.34
2026-01-02 05:47:00,,0.0,7.26
2026-01-02 05:48:00,59.9,0.0,6.73
2026-01-02 05:49:00,64.3,0.0,6.63
2026-01-02 05:50:00,59.2,0.0,6.0
2026-01-02 05:51:00,59.7,0.0,7.08
2026-01-02 05:52:00,65.1,0.0,6.12
2026-01-02 05:53:00,56.3,0.0,6.32
2026-01-02 05:54:00,62.5,0.0,6.11
2026-01-02 05:55:00,57.0,0.0,5.82
2026-01-02 05:56:00,69.9,0.0,6.63
2026-01-02 05:57:00,60.4,0.0,7.08
2026-01-02 05:58:00,59.8,0.0,7.53
2026-01-02 05:59:00,59.5,0.0,6.2
2026-01-02 06:00:00,90.2,16.0,0.0
2026-01-02 06:01:00,74.5,16.0,0.0
2026-01-02 06:02:00,69.3,17.0,0.0
2026-01-02 06:03:00,62.9,20.0,0.0
2026-01-02 06:04:00,60.6,16.0,0.0
2026-01-02 06:05:00,62.3,18.0,0.0
2026-01-02 06:06:00,77.1,21.0,0.0
2026-01-02 06:07:00,79.1,21.0,0.0
2026-01-02 06:08:00,,18.0,0.0
2026-01-02 06:09:00,82.2,22.0,0.0
2026-01-02 06:10:00,71.1,21.0,0.0
2026-01-02 06:11:00,76.2,19.0,0.0
2026-01-02 06:12:00,87.9,17.0,0.0
2026-01-02 06:13:00,,20.0,0.0
2026-01-02 06:14:00,72.9,24.0,0.0
2026-01-02 06:15:00,67.9,22.0,0.0
2026-01-02 06:16:00,,28.0,0.0
2026-01-02 06:17:00,69.2,23.0,0.0
2026-01-02 06:18:00,73.3,16.0,0.0
2026-01-02 06:19:00,67.1,26.0,0.0
2026-01-02 06:20:00,73.9,28.0,0.0
2026-01-02 06:21:00,75.6,20.0,0.0
2026-01-02 06:22:00,73.2,24.0,0.0
2026-01-02 06:23:00,69.8,29.0,0.0
2026-01-02 06:24:00,76.3,22.0,0.0
2026-01-02 06:25:00,78.5,14.0,0.0
2026-01-02 06:26:00,66.3,15.0,0.0
2026-01-02 06:27:00,86.3,18.0,0.0
2026-01-02 06:28:00,74.2,,0.0
2026-01-02 06:29:00,75.2,20.0,0.0
2026-01-02 06:30:00,80.7,21.0,0.0
2026-01-02 06:31:00,76.9,21.0,0.0
2026-01-02 06:32:00,82.6,18.0,0.0
2026-01-02 06:33:00,77.3,19.0,0.0
2026-01-02 06:34:00,70.1,22.0,0.0
2026-01-02 06:35:00,77.9,22.0,0.0
2026-01-02 06:36:00,65.9,17.0,0.0
2026-01-02 06:37:00,75.9,23.0,0.0
2026-01-02 06:38:00,74.7,18.0,0.0
2026-01-02 06:39:00,73.3,25.0,0.0
2026-01-02 06:40:00,74.0,31.0,0.0
2026-01-02 06:41:00,59.9,17.0,0.0
2026-01-02 06:42:00,70.6,26.0,0.0
2026-01-02 06:43:00,75.7,19.0,0.0
2026-01-02 06:44:00,76.3,20.0,0.0
2026-01-02 06:45:00,66.8,24.0,0.0
2026-01-02 06:46:00,85.1,23.0,0.0
2026-01-02 06:47:00,68.1,27.0,0.0
2026-01-02 06:48:00,82.8,20.0,0.0
2026-01-02 06:49:00,78.4,19.0,0.0
2026-01-02 06:50:00,69.8,12.0,0.0
2026-01-02 06:51:00,89.2,18.0,0.0
2026-01-02 06:52:00,65.5,17.0,0.0
2026-01-02 06:53:00,82.4,22.0,0.0
2026-01-02 06:54:00,83.0,20.0,0.0
2026-01-02 06:55:00,69.6,26.0,0.0
2026-01-02 06:56:00,86.1,22.0,0.0
2026-01-02 06:57:00,73.0,29.0,0.0
2026-01-02 06:58:00,77.3,24.0,0.0
2026-01-02 06:59:00,77.1,28.0,0.0
2026-01-02 07:00:00,73.9,24.0,0.0
2026-01-02 07:01:00,81.5,,0.0
2026-01-02 07:02:00,81.3,24.0,0.0
2026-01-02 07:03:00,61.0,17.0,0.0
2026-01-02 07:04:00,85.4,20.0,0.0
2026-01-02 07:05:00,,17.0,0.0
2026-01-02 07:06:00,83.3,23.0,0.0
2026-01-02 07:07:00,84.0,22.0,0.0
2026-01-02 07:08:00,66.3,23.0,0.0
2026-01-02 07:09:00,71.7,26.0,0.0
2026-01-02 07:10:00,66.2,17.0,0.0
2026-01-02 07:11:00,73.3,20.0,0.0
2026-01-02 07:12:00,72.5,18.0,0.0
2026-01-02 07:13:00,81.2,13.0,0.0
2026-01-02 07:14:00,85.5,16.0,0.0
2026-01-02 07:15:00,86.2,16.0,0.0
2026-01-02 07:16:00,70.5,21.0,0.0
2026-01-02 07:17:00,73.3,20.0,0.0
2026-01-02 07:18:00,61.5,21.0,0.0
2026-01-02 07:19:00,68.6,20.0,0.0
2026-01-02 07:20:00,82.7,25.0,0.0
2026-01-02 07:21:00,87.9,14.0,0.0
2026-01-02 07:22:00,65.1,28.0,0.0
2026-01-02 07:23:00,149.1,18.0,0.0
2026-01-02 07:24:00,74.8,20.0,0.0
2026-01-02 07:25:00,77.2,28.0,0.0
2026-01-02 07:26:00,68.5,16.0,0.0
2026-01-02 07:27:00,78.4,18.0,0.0
2026-01-02 07:28:00,71.2,19.0,0.0
2026-01-02 07:29:00,74.9,17.0,0.0
2026-01-02 07:30:00,79.4,14.0,0.0
2026-01-02 07:31:00,75.1,21.0,0.0
2026-01-02 07:32:00,71.5,29.0,0.0
2026-01-02 07:33:00,,14.0,0.0
2026-01-02 07:34:00,74.3,26.0,0.0
2026-01-02 07:35:00,72.0,30.0,0.0
2026-01-02 07:36:00,72.9,,0.0
2026-01-02 07:37:00,87.8,18.0,0.0
2026-01-02 07:38:00,79.5,21.0,0.0
2026-01-02 07:39:00,72.6,22.0,0.0
2026-01-02 07:40:00,80.6,14.0,0.0
2026-01-02 07:41:00,72.3,17.0,0.0
2026-01-02 07:42:00,84.4,22.0,0.0
2026-01-02 07:43:00,78.0,15.0,0.0
2026-01-02 07:44:00,74.1,17.0,0.0
2026-01-02 07:45:00,78.6,17.0,0.0
2026-01-02 07:46:00,62.4,10.0,0.0
2026-01-02 07:47:00,66.0,23.0,0.0
2026-01-02 07:48:00,65.4,16.0,0.0
2026-01-02 07:49:00,76.1,22.0,0.0
2026-01-02 07:50:00,88.9,24.0,0.0
2026-01-02 07:51:00,92.9,15.0,0.0
2026-01-02 07:52:00,80.1,20.0,0.0
2026-01-02 07:53:00,79.0,,0.0
2026-01-02 07:54:00,60.6,19.0,0.0
2026-01-02 07:55:00,70.7,17.0,0.0
2026-01-02 07:56:00,68.7,24.0,0.0
2026-01-02 07:57:00,,21.0,0.0
2026-01-02 07:58:00,73.7,14.0,0.0
2026-01-02 07:59:00,71.2,16.0,0.0
2026-01-02 08:00:00,59.2,21.0,0.0
2026-01-02 08:01:00,81.0,23.0,0.0
2026-01-02 08:02:00,66.4,13.0,0.0
2026-01-02 08:03:00,76.9,15.0,0.0
2026-01-02 08:04:00,91.6,18.0,0.0
2026-01-02 08:05:00,67.6,14.0,0.0
2026-01-02 08:06:00,54.8,17.0,0.0
2026-01-02 08:07:00,72.7,25.0,0.0
2026-01-02 08:08:00,83.8,24.0,0.0
2026-01-02 08:09:00,90.7,17.0,0.0
2026-01-02 08:10:00,65.2,19.0,0.0
2026-01-02 08:11:00,79.0,16.0,0.0
2026-01-02 08:12:00,71.3,20.0,0.0
2026-01-02 08:13:00,74.2,12.0,0.0
2026-01-02 08:14:00,96.2,16.0,0.0
2026-01-02 08:15:00,63.0,15.0,0.0
2026-01-02 08:16:00,77.0,16.0,0.0
2026-01-02 08:17:00,78.7,29.0,0.0
2026-01-02 08:18:00,83.7,18.0,0.0
2026-01-02 08:19:00,75.8,10.0,0.0
2026-01-02 08:20:00,77.5,22.0,0.0
2026-01-02 08:21:00,71.9,29.0,0.0
2026-01-02 08:22:00,77.2,23.0,0.0
2026-01-02 08:23:00,72.3,20.0,0.0
2026-01-02 08:24:00,80.0,19.0,0.0
2026-01-02 08:25:00,72.0,18.0,0.0
2026-01-02 08:26:00,78.0,20.0,0.0
2026-01-02 08:27:00,74.8,15.0,0.0
2026-01-02 08:28:00,84.0,23.0,0.0
2026-01-02 08:29:00,74.6,20.0,0.0
2026-01-02 08:30:00,60.8,20.0,0.0
2026-01-02 08:31:00,85.1,20.0,0.0
2026-01-02 08:32:00,67.8,22.0,0.0
2026-01-02 08:33:00,69.8,13.0,0.0
2026-01-02 08:34:00,70.2,14.0,0.0
2026-01-02 08:35:00,86.0,20.0,0.0
2026-01-02 08:36:00,57.9,21.0,0.0
2026-01-02 08:37:00,100.1,19.0,0.0
2026-01-02 08:38:00,83.4,23.0,0.0
2026-01-02 08:39:00,76.8,17.0,0.0
2026-01-02 08:40:00,74.6,22.0,0.0
2026-01-02 08:41:00,77.3,25.0,0.0
2026-01-02 08:42:00,79.2,17.0,0.0
2026-01-02 08:43:00,80.2,22.0,0.0
2026-01-02 08:44:00,79.4,21.0,0.0
2026-01-02 08:45:00,132.8,18.0,0.0
2026-01-02 08:46:00,73.4,,0.0
2026-01-02 08:47:00,73.8,19.0,0.0
2026-01-02 08:48:00,73.4,16.0,0.0
2026-01-02 08:49:00,84.1,20.0,0.0
2026-01-02 08:50:00,79.7,17.0,0.0
2026-01-02 08:51:00,51.5,15.0,0.0
2026-01-02 08:52:00,80.2,18.0,0.0
2026-01-02 08:53:00,76.6,20.0,0.0
2026-01-02 08:54:00,74.9,13.0,0.0
2026-01-02 08:55:00,71.9,22.0,0.0
2026-01-02 08:56:00,84.0,17.0,0.0
2026-01-02 08:57:00,82.6,15.0,0.0
2026-01-02 08:58:00,68.8,16.0,0.0
2026-01-02 08:59:00,78.3,17.0,0.0
2026-01-02 09:00:00,67.2,22.0,0.0
2026-01-02 09:01:00,64.0,14.0,0.0
2026-01-02 09:02:00,70.0,18.0,0.0
2026-01-02 09:03:00,81.9,21.0,0.0
2026-01-02 09:04:00,82.6,22.0,0.0
2026-01-02 09:05:00,79.1,20.0,0.0
2026-01-02 09:06:00,80.8,17.0,0.0
2026-01-02 09:07:00,79.1,21.0,0.0
2026-01-02 09:08:00,69.9,16.0,0.0
2026-01-02 09:09:00,78.5,20.0,0.0
2026-01-02 09:10:00,81.4,27.0,0.0
2026-01-02 09:11:00,81.0,18.0,0.0
2026-01-02 09:12:00,84.5,25.0,0.0
2026-01-02 09:13:00,80.7,21.0,0.0
2026-01-02 09:14:00,77.8,25.0,0.0
2026-01-02 09:15:00,83.6,26.0,0.0
2026-01-02 09:16:00,74.8,19.0,0.0
2026-01-02 09:17:00,67.9,22.0,0.0
2026-01-02 09:18:00,73.7,26.0,0.0
2026-01-02 09:19:00,,18.0,0.0
